-- phpMyAdmin SQL Dump
-- version 5.2.1
-- https://www.phpmyadmin.net/
--
-- Host: localhost
-- Generation Time: Aug 07, 2024 at 03:01 AM
-- Server version: 10.5.8-MariaDB
-- PHP Version: 7.2.31

SET SQL_MODE = "NO_AUTO_VALUE_ON_ZERO";
START TRANSACTION;
SET time_zone = "+00:00";


/*!40101 SET @OLD_CHARACTER_SET_CLIENT=@@CHARACTER_SET_CLIENT */;
/*!40101 SET @OLD_CHARACTER_SET_RESULTS=@@CHARACTER_SET_RESULTS */;
/*!40101 SET @OLD_COLLATION_CONNECTION=@@COLLATION_CONNECTION */;
/*!40101 SET NAMES utf8mb4 */;

--
-- Database: `dbsiak`
--

--
-- Dumping data for table `app_settings`
--

INSERT INTO `app_settings` (`param`, `value`, `grup`) VALUES
('address1', 'address1', 'profil'),
('address2', 'address2', 'profil'),
('allow_registration', '1', 'AuthSecurity'),
('city', 'Karangasem', 'profil'),
('color_scheme', 'red', 'layout'),
('company_name', 'Change Company Name', 'profil'),
('company_tagline', 'TAKE HOME GOOD', 'profil'),
('date_version', 'April 2023', 'BaseConfig'),
('email_account_details', '1', 'AuthSecurity'),
('email_activation', '1', 'AuthSecurity'),
('email_activation_expire', '172800', 'AuthSecurity'),
('favicon', 'favicon.png', 'BaseConfig'),
('font_family', 'poppins', 'layout'),
('font_size', '14', 'layout'),
('footer_app', '© {{YEAR}} <a href=\"https://mbc.or.id\" target=\"_blank\">MANDIRI BINA CIPTA</a>', 'BaseConfig'),
('login_count_attempts', '1', 'authlogin'),
('login_max_attempts', '5', 'authlogin'),
('login_record_ip', '1', 'authlogin'),
('login_record_time', '1', 'authlogin'),
('logo_app', 'logofinal.png', 'BaseConfig'),
('logo_background_color', 'dark', 'layout'),
('outh2', '1', 'authlogin'),
('phone', 'phone', 'profil'),
('postal_code', '80811', 'profil'),
('primary_contact_email', 'example@siak.com', 'profil'),
('sidebar_color', 'dark', 'layout'),
('theme', 'sbadmin2', 'layout'),
('use_username', '1', 'AuthSecurity'),
('website', 'https://', 'profil');

--
-- Dumping data for table `auth_groups_users`
--

INSERT INTO `auth_groups_users` (`id`, `user_id`, `group`, `created_at`) VALUES
(1, 1, 'superadmin', '2023-07-08 11:27:57');

--
-- Dumping data for table `auth_identities`
--

INSERT INTO `auth_identities` (`id`, `user_id`, `type`, `name`, `secret`, `secret2`, `expires`, `extra`, `force_reset`, `last_used_at`, `created_at`, `updated_at`) VALUES
(1, 1, 'email_password', 'I Nengah Putu Mardika', 'ptmardika@gmail.com', '$2y$12$/V8uDRL51KvNn4ci2hNm7.tUQaiqeG80c8yavjk8er8ZQP7MOhQFm', NULL, NULL, 0, '2024-08-04 17:47:36', '2023-07-08 11:27:57', '2024-08-04 17:47:36'),
(2, 1, 'magic-link', NULL, '6a0401e8d6e6d6c45da1', NULL, '2024-03-27 05:15:33', NULL, 0, NULL, '2024-03-27 04:15:33', '2024-03-27 04:15:33');

--
-- Dumping data for table `auth_logins`
--

INSERT INTO `auth_logins` (`id`, `ip_address`, `user_agent`, `id_type`, `identifier`, `user_id`, `date`, `success`) VALUES
(1, '127.0.0.1', 'Mozilla/5.0 (Windows NT 10.0; Win64; x64) AppleWebKit/537.36 (KHTML, like Gecko) Chrome/114.0.0.0 Safari/537.36', 'email_password', 'ptmardika@gmail.com', 1, '2023-07-09 11:25:55', 1),
(2, '127.0.0.1', 'Mozilla/5.0 (Windows NT 10.0; Win64; x64) AppleWebKit/537.36 (KHTML, like Gecko) Chrome/114.0.0.0 Safari/537.36', 'email_password', 'ptmardika@gmail.com', 1, '2023-07-09 20:46:37', 1),
(3, '127.0.0.1', 'Mozilla/5.0 (Windows NT 10.0; Win64; x64) AppleWebKit/537.36 (KHTML, like Gecko) Chrome/114.0.0.0 Safari/537.36', 'email_password', 'ptmardika@gmail.com', NULL, '2023-07-10 04:51:14', 0),
(4, '127.0.0.1', 'Mozilla/5.0 (Windows NT 10.0; Win64; x64) AppleWebKit/537.36 (KHTML, like Gecko) Chrome/114.0.0.0 Safari/537.36', 'email_password', 'ptmardika@gmail.com', NULL, '2023-07-10 04:51:20', 0),
(5, '127.0.0.1', 'Mozilla/5.0 (Windows NT 10.0; Win64; x64) AppleWebKit/537.36 (KHTML, like Gecko) Chrome/114.0.0.0 Safari/537.36', 'email_password', 'ptmardika@gmail.com', 1, '2023-07-10 04:51:27', 1),
(6, '127.0.0.1', 'Mozilla/5.0 (Windows NT 10.0; Win64; x64) AppleWebKit/537.36 (KHTML, like Gecko) Chrome/114.0.0.0 Safari/537.36', 'email_password', 'ptmardika@gmail.com', 1, '2023-07-10 19:52:12', 1),
(7, '127.0.0.1', 'Mozilla/5.0 (Windows NT 10.0; Win64; x64) AppleWebKit/537.36 (KHTML, like Gecko) Chrome/114.0.0.0 Safari/537.36', 'email_password', 'ptmardika@gmail.com', 1, '2023-07-11 05:17:16', 1),
(8, '127.0.0.1', 'Mozilla/5.0 (Windows NT 10.0; Win64; x64) AppleWebKit/537.36 (KHTML, like Gecko) Chrome/114.0.0.0 Safari/537.36', 'email_password', 'ptmardika@gmail.com', 1, '2023-07-11 19:42:37', 1),
(9, '127.0.0.1', 'Mozilla/5.0 (Windows NT 10.0; Win64; x64) AppleWebKit/537.36 (KHTML, like Gecko) Chrome/114.0.0.0 Safari/537.36', 'email_password', 'ptmardika@gmail.com', 1, '2023-07-13 20:29:13', 1),
(10, '127.0.0.1', 'Mozilla/5.0 (Windows NT 10.0; Win64; x64) AppleWebKit/537.36 (KHTML, like Gecko) Chrome/114.0.0.0 Safari/537.36', 'email_password', 'ptmardika@gmail.com', 1, '2023-07-14 05:57:56', 1),
(11, '127.0.0.1', 'Mozilla/5.0 (Windows NT 10.0; Win64; x64) AppleWebKit/537.36 (KHTML, like Gecko) Chrome/115.0.0.0 Safari/537.36', 'email_password', 'ptmardika@gmail.com', NULL, '2023-08-14 22:16:21', 0),
(12, '127.0.0.1', 'Mozilla/5.0 (Windows NT 10.0; Win64; x64) AppleWebKit/537.36 (KHTML, like Gecko) Chrome/115.0.0.0 Safari/537.36', 'email_password', 'ptmardika@gmail.com', 1, '2023-08-14 22:16:27', 1),
(13, '127.0.0.1', 'Mozilla/5.0 (Windows NT 10.0; Win64; x64) AppleWebKit/537.36 (KHTML, like Gecko) Chrome/115.0.0.0 Safari/537.36', 'email_password', 'ptmardika@gmail.com', 1, '2023-08-15 09:34:58', 1),
(14, '127.0.0.1', 'Mozilla/5.0 (Windows NT 10.0; Win64; x64) AppleWebKit/537.36 (KHTML, like Gecko) Chrome/117.0.0.0 Safari/537.36', 'email_password', 'ptmardika@gmail.com', 1, '2023-10-05 21:28:08', 1),
(15, '127.0.0.1', 'Mozilla/5.0 (Windows NT 10.0; Win64; x64) AppleWebKit/537.36 (KHTML, like Gecko) Chrome/117.0.0.0 Safari/537.36', 'email_password', 'ptmardika@gmail.com', 1, '2023-10-09 21:45:59', 1),
(16, '127.0.0.1', 'Mozilla/5.0 (Windows NT 10.0; Win64; x64) AppleWebKit/537.36 (KHTML, like Gecko) Chrome/117.0.0.0 Safari/537.36', 'email_password', 'ptmardika@gmail.com', 1, '2023-10-10 21:48:23', 1),
(17, '127.0.0.1', 'Mozilla/5.0 (Windows NT 10.0; Win64; x64) AppleWebKit/537.36 (KHTML, like Gecko) Chrome/117.0.0.0 Safari/537.36', 'email_password', 'ptmardika@gmail.com', 1, '2023-10-11 06:35:47', 1),
(18, '127.0.0.1', 'Mozilla/5.0 (Windows NT 10.0; Win64; x64) AppleWebKit/537.36 (KHTML, like Gecko) Chrome/117.0.0.0 Safari/537.36', 'email_password', 'ptmardika@gmail.com', 1, '2023-10-12 21:38:58', 1),
(19, '127.0.0.1', 'Mozilla/5.0 (Windows NT 10.0; Win64; x64) AppleWebKit/537.36 (KHTML, like Gecko) Chrome/117.0.0.0 Safari/537.36', 'email_password', 'ptmardika@gmail.com', 1, '2023-10-13 04:13:31', 1),
(20, '127.0.0.1', 'Mozilla/5.0 (Windows NT 10.0; Win64; x64) AppleWebKit/537.36 (KHTML, like Gecko) Chrome/118.0.0.0 Safari/537.36', 'email_password', 'ptmardika@gmail.com', 1, '2023-10-15 13:41:07', 1),
(21, '127.0.0.1', 'Mozilla/5.0 (Windows NT 10.0; Win64; x64) AppleWebKit/537.36 (KHTML, like Gecko) Chrome/118.0.0.0 Safari/537.36', 'email_password', 'ptmardika@gmail.com', 1, '2023-10-15 20:14:06', 1),
(22, '127.0.0.1', 'Mozilla/5.0 (Windows NT 10.0; Win64; x64) AppleWebKit/537.36 (KHTML, like Gecko) Chrome/118.0.0.0 Safari/537.36', 'email_password', 'ptmardika@gmail.com', 1, '2023-10-16 22:31:04', 1),
(23, '127.0.0.1', 'Mozilla/5.0 (Windows NT 10.0; Win64; x64) AppleWebKit/537.36 (KHTML, like Gecko) Chrome/118.0.0.0 Safari/537.36', 'email_password', 'ptmardika@gmail.com', 1, '2023-10-17 07:51:15', 1),
(24, '127.0.0.1', 'Mozilla/5.0 (Windows NT 10.0; Win64; x64) AppleWebKit/537.36 (KHTML, like Gecko) Chrome/118.0.0.0 Safari/537.36', 'email_password', 'ptmardika@gmail.com', 1, '2023-10-17 14:46:35', 1),
(25, '127.0.0.1', 'Mozilla/5.0 (Windows NT 10.0; Win64; x64) AppleWebKit/537.36 (KHTML, like Gecko) Chrome/118.0.0.0 Safari/537.36', 'email_password', 'ptmardika@gmail.com', 1, '2023-10-18 17:27:40', 1),
(26, '127.0.0.1', 'Mozilla/5.0 (Windows NT 10.0; Win64; x64) AppleWebKit/537.36 (KHTML, like Gecko) Chrome/118.0.0.0 Safari/537.36', 'email_password', 'ptmardika@gmail.com', 1, '2023-10-19 16:03:10', 1),
(27, '127.0.0.1', 'Mozilla/5.0 (Windows NT 10.0; Win64; x64) AppleWebKit/537.36 (KHTML, like Gecko) Chrome/118.0.0.0 Safari/537.36', 'email_password', 'ptmardika@gmail.com', 1, '2023-10-19 20:16:49', 1),
(28, '127.0.0.1', 'Mozilla/5.0 (Windows NT 10.0; Win64; x64) AppleWebKit/537.36 (KHTML, like Gecko) Chrome/118.0.0.0 Safari/537.36', 'email_password', 'ptmardika@gmail.com', 1, '2023-10-20 05:58:05', 1),
(29, '127.0.0.1', 'Mozilla/5.0 (Windows NT 10.0; Win64; x64) AppleWebKit/537.36 (KHTML, like Gecko) Chrome/118.0.0.0 Safari/537.36', 'email_password', 'ptmardika@gmail.com', 1, '2023-10-20 13:20:41', 1),
(30, '127.0.0.1', 'Mozilla/5.0 (Windows NT 10.0; Win64; x64) AppleWebKit/537.36 (KHTML, like Gecko) Chrome/118.0.0.0 Safari/537.36', 'email_password', 'ptmardika@gmail.com', 1, '2023-10-21 14:09:08', 1),
(31, '127.0.0.1', 'Mozilla/5.0 (Windows NT 10.0; Win64; x64) AppleWebKit/537.36 (KHTML, like Gecko) Chrome/118.0.0.0 Safari/537.36', 'email_password', 'ptmardika@gmail.com', 1, '2023-10-21 19:43:51', 1),
(32, '127.0.0.1', 'Mozilla/5.0 (Windows NT 10.0; Win64; x64) AppleWebKit/537.36 (KHTML, like Gecko) Chrome/118.0.0.0 Safari/537.36', 'email_password', 'ptmardika@gmail.com', 1, '2023-10-22 06:24:55', 1),
(33, '127.0.0.1', 'Mozilla/5.0 (Windows NT 10.0; Win64; x64) AppleWebKit/537.36 (KHTML, like Gecko) Chrome/118.0.0.0 Safari/537.36', 'email_password', 'ptmardika@gmail.com', NULL, '2023-10-22 12:06:22', 0),
(34, '127.0.0.1', 'Mozilla/5.0 (Windows NT 10.0; Win64; x64) AppleWebKit/537.36 (KHTML, like Gecko) Chrome/118.0.0.0 Safari/537.36', 'email_password', 'ptmardika@gmail.com', 1, '2023-10-22 12:06:29', 1),
(35, '127.0.0.1', 'Mozilla/5.0 (Windows NT 10.0; Win64; x64) AppleWebKit/537.36 (KHTML, like Gecko) Chrome/118.0.0.0 Safari/537.36', 'email_password', 'ptmardika@gmail.com', 1, '2023-10-22 19:43:18', 1),
(36, '127.0.0.1', 'Mozilla/5.0 (Windows NT 10.0; Win64; x64) AppleWebKit/537.36 (KHTML, like Gecko) Chrome/118.0.0.0 Safari/537.36', 'email_password', 'ptmardika@gmail.com', 1, '2023-10-23 02:25:47', 1),
(37, '127.0.0.1', 'Mozilla/5.0 (Windows NT 10.0; Win64; x64) AppleWebKit/537.36 (KHTML, like Gecko) Chrome/118.0.0.0 Safari/537.36', 'email_password', 'ptmardika@gmail.com', 1, '2023-10-23 12:25:28', 1),
(38, '127.0.0.1', 'Mozilla/5.0 (Windows NT 10.0; Win64; x64) AppleWebKit/537.36 (KHTML, like Gecko) Chrome/118.0.0.0 Safari/537.36', 'email_password', 'ptmardika@gmail.com', 1, '2023-10-23 22:42:02', 1),
(39, '127.0.0.1', 'Mozilla/5.0 (Windows NT 10.0; Win64; x64) AppleWebKit/537.36 (KHTML, like Gecko) Chrome/118.0.0.0 Safari/537.36', 'email_password', 'ptmardika@gmail.com', 1, '2023-10-24 15:42:38', 1),
(40, '127.0.0.1', 'Mozilla/5.0 (Windows NT 10.0; Win64; x64) AppleWebKit/537.36 (KHTML, like Gecko) Chrome/118.0.0.0 Safari/537.36', 'email_password', 'ptmardika@gmail.com', 1, '2023-10-24 21:23:51', 1),
(41, '127.0.0.1', 'Mozilla/5.0 (Windows NT 10.0; Win64; x64) AppleWebKit/537.36 (KHTML, like Gecko) Chrome/118.0.0.0 Safari/537.36', 'email_password', 'ptmardika@gmail.com', 1, '2023-10-25 05:57:28', 1),
(42, '127.0.0.1', 'Mozilla/5.0 (Windows NT 10.0; Win64; x64) AppleWebKit/537.36 (KHTML, like Gecko) Chrome/118.0.0.0 Safari/537.36', 'email_password', 'ptmardika@gmail.com', 1, '2023-10-28 11:13:20', 1),
(43, '127.0.0.1', 'Mozilla/5.0 (Windows NT 10.0; Win64; x64) AppleWebKit/537.36 (KHTML, like Gecko) Chrome/118.0.0.0 Safari/537.36', 'email_password', 'ptmardika@gmail.com', 1, '2023-10-28 20:58:25', 1),
(44, '127.0.0.1', 'Mozilla/5.0 (Windows NT 10.0; Win64; x64) AppleWebKit/537.36 (KHTML, like Gecko) Chrome/118.0.0.0 Safari/537.36', 'email_password', 'ptmardika@gmail.com', 1, '2023-11-01 21:34:31', 1),
(45, '127.0.0.1', 'Mozilla/5.0 (Windows NT 10.0; Win64; x64) AppleWebKit/537.36 (KHTML, like Gecko) Chrome/119.0.0.0 Safari/537.36', 'email_password', 'ptmardika@gmail.com', NULL, '2023-11-18 11:38:58', 0),
(46, '127.0.0.1', 'Mozilla/5.0 (Windows NT 10.0; Win64; x64) AppleWebKit/537.36 (KHTML, like Gecko) Chrome/119.0.0.0 Safari/537.36', 'email_password', 'ptmardika@gmail.com', 1, '2023-11-18 11:39:04', 1),
(47, '127.0.0.1', 'Mozilla/5.0 (Windows NT 10.0; Win64; x64) AppleWebKit/537.36 (KHTML, like Gecko) Chrome/119.0.0.0 Safari/537.36', 'email_password', 'ptmardika@gmail.com', 1, '2023-11-18 15:45:30', 1),
(48, '127.0.0.1', 'Mozilla/5.0 (Windows NT 10.0; Win64; x64) AppleWebKit/537.36 (KHTML, like Gecko) Chrome/119.0.0.0 Safari/537.36', 'email_password', 'ptmardika@gmail.com', NULL, '2023-12-07 21:59:42', 0),
(49, '127.0.0.1', 'Mozilla/5.0 (Windows NT 10.0; Win64; x64) AppleWebKit/537.36 (KHTML, like Gecko) Chrome/119.0.0.0 Safari/537.36', 'email_password', 'ptmardika@gmail.com', NULL, '2023-12-07 21:59:48', 0),
(50, '127.0.0.1', 'Mozilla/5.0 (Windows NT 10.0; Win64; x64) AppleWebKit/537.36 (KHTML, like Gecko) Chrome/119.0.0.0 Safari/537.36', 'email_password', 'ptmardika@gmail.com', 1, '2023-12-07 21:59:54', 1),
(51, '127.0.0.1', 'Mozilla/5.0 (Windows NT 10.0; Win64; x64) AppleWebKit/537.36 (KHTML, like Gecko) Chrome/119.0.0.0 Safari/537.36', 'email_password', 'ptmardika@gmail.com', 1, '2023-12-08 18:56:28', 1),
(52, '127.0.0.1', 'Mozilla/5.0 (Windows NT 10.0; Win64; x64) AppleWebKit/537.36 (KHTML, like Gecko) Chrome/119.0.0.0 Safari/537.36', 'email_password', 'ptmardika@gmail.com', 1, '2023-12-09 09:27:22', 1),
(53, '127.0.0.1', 'Mozilla/5.0 (Windows NT 10.0; Win64; x64) AppleWebKit/537.36 (KHTML, like Gecko) Chrome/120.0.0.0 Safari/537.36', 'email_password', 'ptmardika@gmail.com', 1, '2024-01-26 10:19:44', 1),
(54, '127.0.0.1', 'Mozilla/5.0 (Windows NT 10.0; Win64; x64) AppleWebKit/537.36 (KHTML, like Gecko) Chrome/122.0.0.0 Safari/537.36', 'email_password', 'ptmardika@gmail.com', NULL, '2024-02-27 20:47:45', 0),
(55, '127.0.0.1', 'Mozilla/5.0 (Windows NT 10.0; Win64; x64) AppleWebKit/537.36 (KHTML, like Gecko) Chrome/122.0.0.0 Safari/537.36', 'email_password', 'ptmardika@gmail.com', 1, '2024-02-27 20:47:52', 1),
(56, '127.0.0.1', 'Mozilla/5.0 (Windows NT 10.0; Win64; x64) AppleWebKit/537.36 (KHTML, like Gecko) Chrome/122.0.0.0 Safari/537.36', 'email_password', 'ptmardika@gmail.com', 1, '2024-02-28 13:08:35', 1),
(57, '127.0.0.1', 'Mozilla/5.0 (Windows NT 10.0; Win64; x64) AppleWebKit/537.36 (KHTML, like Gecko) Chrome/122.0.0.0 Safari/537.36', 'email_password', 'ptmardika@gmail.com', 1, '2024-02-28 19:42:56', 1),
(58, '127.0.0.1', 'Mozilla/5.0 (Windows NT 10.0; Win64; x64) AppleWebKit/537.36 (KHTML, like Gecko) Chrome/122.0.0.0 Safari/537.36', 'email_password', 'ptmardika@gmail.com', 1, '2024-03-02 21:28:18', 1),
(59, '127.0.0.1', 'Mozilla/5.0 (Windows NT 10.0; Win64; x64) AppleWebKit/537.36 (KHTML, like Gecko) Chrome/122.0.0.0 Safari/537.36', 'email_password', 'ptmardika@gmail.com', 1, '2024-03-03 15:13:12', 1),
(60, '127.0.0.1', 'Mozilla/5.0 (Windows NT 10.0; Win64; x64) AppleWebKit/537.36 (KHTML, like Gecko) Chrome/122.0.0.0 Safari/537.36', 'email_password', 'ptmardika@gmail.com', 1, '2024-03-03 19:35:57', 1),
(61, '127.0.0.1', 'Mozilla/5.0 (Windows NT 10.0; Win64; x64) AppleWebKit/537.36 (KHTML, like Gecko) Chrome/122.0.0.0 Safari/537.36', 'email_password', 'ptmardika@gmail.com', 1, '2024-03-03 21:24:44', 1),
(62, '127.0.0.1', 'Mozilla/5.0 (Windows NT 10.0; Win64; x64) AppleWebKit/537.36 (KHTML, like Gecko) Chrome/122.0.0.0 Safari/537.36', 'email_password', 'ptmardika@gmail.com', 1, '2024-03-11 22:03:24', 1),
(63, '127.0.0.1', 'Mozilla/5.0 (Windows NT 10.0; Win64; x64) AppleWebKit/537.36 (KHTML, like Gecko) Chrome/122.0.0.0 Safari/537.36', 'email_password', 'ptmardika@gmail.com', 1, '2024-03-15 16:58:20', 1),
(64, '127.0.0.1', 'Mozilla/5.0 (Windows NT 10.0; Win64; x64) AppleWebKit/537.36 (KHTML, like Gecko) Chrome/122.0.0.0 Safari/537.36', 'email_password', 'ptmardika@gmail.com', 1, '2024-03-16 09:03:27', 1),
(65, '127.0.0.1', 'Mozilla/5.0 (Windows NT 10.0; Win64; x64) AppleWebKit/537.36 (KHTML, like Gecko) Chrome/122.0.0.0 Safari/537.36', 'email_password', 'ptmardika@gmail.com', NULL, '2024-03-16 12:31:43', 0),
(66, '127.0.0.1', 'Mozilla/5.0 (Windows NT 10.0; Win64; x64) AppleWebKit/537.36 (KHTML, like Gecko) Chrome/122.0.0.0 Safari/537.36', 'email_password', 'ptmardika@gmail.com', 1, '2024-03-16 12:31:50', 1),
(67, '127.0.0.1', 'Mozilla/5.0 (Windows NT 10.0; Win64; x64) AppleWebKit/537.36 (KHTML, like Gecko) Chrome/122.0.0.0 Safari/537.36', 'email_password', 'ptmardika@gmail.com', 1, '2024-03-16 21:16:39', 1),
(68, '127.0.0.1', 'Mozilla/5.0 (Windows NT 10.0; Win64; x64) AppleWebKit/537.36 (KHTML, like Gecko) Chrome/122.0.0.0 Safari/537.36', 'email_password', 'ptmardika@gmail.com', 1, '2024-03-17 05:34:17', 1),
(69, '127.0.0.1', 'Mozilla/5.0 (Windows NT 10.0; Win64; x64) AppleWebKit/537.36 (KHTML, like Gecko) Chrome/122.0.0.0 Safari/537.36', 'email_password', 'ptmardika@gmail.com', 1, '2024-03-17 17:43:04', 1),
(70, '127.0.0.1', 'Mozilla/5.0 (Windows NT 10.0; Win64; x64) AppleWebKit/537.36 (KHTML, like Gecko) Chrome/122.0.0.0 Safari/537.36', 'email_password', 'ptmardika@gmail.com', 1, '2024-03-18 00:21:40', 1),
(71, '127.0.0.1', 'Mozilla/5.0 (Windows NT 10.0; Win64; x64) AppleWebKit/537.36 (KHTML, like Gecko) Chrome/122.0.0.0 Safari/537.36', 'email_password', 'ptmardika@gmail.com', 1, '2024-03-18 05:43:56', 1),
(72, '127.0.0.1', 'Mozilla/5.0 (Windows NT 10.0; Win64; x64) AppleWebKit/537.36 (KHTML, like Gecko) Chrome/122.0.0.0 Safari/537.36', 'email_password', 'ptmardika@gmail.com', 1, '2024-03-18 22:34:02', 1),
(73, '127.0.0.1', 'Mozilla/5.0 (Windows NT 10.0; Win64; x64) AppleWebKit/537.36 (KHTML, like Gecko) Chrome/122.0.0.0 Safari/537.36', 'email_password', 'ptmardika@gmail.com', NULL, '2024-03-19 05:40:40', 0),
(74, '127.0.0.1', 'Mozilla/5.0 (Windows NT 10.0; Win64; x64) AppleWebKit/537.36 (KHTML, like Gecko) Chrome/122.0.0.0 Safari/537.36', 'email_password', 'ptmardika@gmail.com', 1, '2024-03-19 05:40:47', 1),
(75, '127.0.0.1', 'Mozilla/5.0 (Windows NT 10.0; Win64; x64) AppleWebKit/537.36 (KHTML, like Gecko) Chrome/122.0.0.0 Safari/537.36', 'email_password', 'ptmardika@gmail.com', 1, '2024-03-21 01:49:18', 1),
(76, '127.0.0.1', 'Mozilla/5.0 (Windows NT 10.0; Win64; x64) AppleWebKit/537.36 (KHTML, like Gecko) Chrome/122.0.0.0 Safari/537.36', 'email_password', 'ptmardika@gmail.com', 1, '2024-03-24 15:17:28', 1),
(77, '127.0.0.1', 'Mozilla/5.0 (Windows NT 10.0; Win64; x64) AppleWebKit/537.36 (KHTML, like Gecko) Chrome/122.0.0.0 Safari/537.36', 'email_password', 'ptmardika@gmail.com', 1, '2024-03-24 21:04:57', 1),
(78, '127.0.0.1', 'Mozilla/5.0 (Windows NT 10.0; Win64; x64) AppleWebKit/537.36 (KHTML, like Gecko) Chrome/122.0.0.0 Safari/537.36', 'email_password', 'ptmardika@gmail.com', NULL, '2024-03-25 05:50:18', 0),
(79, '127.0.0.1', 'Mozilla/5.0 (Windows NT 10.0; Win64; x64) AppleWebKit/537.36 (KHTML, like Gecko) Chrome/122.0.0.0 Safari/537.36', 'email_password', 'ptmardika@gmail.com', 1, '2024-03-25 05:50:25', 1),
(80, '127.0.0.1', 'Mozilla/5.0 (Windows NT 10.0; Win64; x64) AppleWebKit/537.36 (KHTML, like Gecko) Chrome/123.0.0.0 Safari/537.36', 'email_password', 'ptmardika@gmail.com', 1, '2024-03-27 04:53:55', 1),
(81, '127.0.0.1', 'Mozilla/5.0 (Windows NT 10.0; Win64; x64) AppleWebKit/537.36 (KHTML, like Gecko) Chrome/123.0.0.0 Safari/537.36', 'email_password', 'ptmardika@gmail.com', 1, '2024-03-27 08:54:19', 1),
(82, '127.0.0.1', 'Mozilla/5.0 (Windows NT 10.0; Win64; x64) AppleWebKit/537.36 (KHTML, like Gecko) Chrome/123.0.0.0 Safari/537.36', 'email_password', 'ptmardika@gmail.com', NULL, '2024-03-27 15:04:12', 0),
(83, '127.0.0.1', 'Mozilla/5.0 (Windows NT 10.0; Win64; x64) AppleWebKit/537.36 (KHTML, like Gecko) Chrome/123.0.0.0 Safari/537.36', 'email_password', 'ptmardika@gmail.com', 1, '2024-03-27 15:04:20', 1),
(84, '127.0.0.1', 'Mozilla/5.0 (Windows NT 10.0; Win64; x64) AppleWebKit/537.36 (KHTML, like Gecko) Chrome/123.0.0.0 Safari/537.36', 'email_password', 'ptmardika@gmail.com', 1, '2024-03-27 20:17:41', 1),
(85, '127.0.0.1', 'Mozilla/5.0 (Windows NT 10.0; Win64; x64) AppleWebKit/537.36 (KHTML, like Gecko) Chrome/123.0.0.0 Safari/537.36', 'email_password', 'ptmardika@gmail.com', 1, '2024-04-11 10:49:23', 1),
(86, '127.0.0.1', 'Mozilla/5.0 (Windows NT 10.0; Win64; x64) AppleWebKit/537.36 (KHTML, like Gecko) Chrome/123.0.0.0 Safari/537.36', 'email_password', 'ptmardika@gmail.com', 1, '2024-04-11 14:18:43', 1),
(87, '127.0.0.1', 'Mozilla/5.0 (Linux; Android 6.0; Nexus 5 Build/MRA58N) AppleWebKit/537.36 (KHTML, like Gecko) Chrome/123.0.0.0 Mobile Safari/537.36', 'email_password', 'ptmardika@gmail.com', NULL, '2024-04-11 19:03:20', 0),
(88, '127.0.0.1', 'Mozilla/5.0 (Linux; Android 6.0; Nexus 5 Build/MRA58N) AppleWebKit/537.36 (KHTML, like Gecko) Chrome/123.0.0.0 Mobile Safari/537.36', 'email_password', 'ptmardika@gmail.com', 1, '2024-04-11 19:03:28', 1),
(89, '127.0.0.1', 'Mozilla/5.0 (Windows NT 10.0; Win64; x64) AppleWebKit/537.36 (KHTML, like Gecko) Chrome/123.0.0.0 Safari/537.36', 'email_password', 'ptmardika@gmail.com', 1, '2024-04-12 12:01:28', 1),
(90, '127.0.0.1', 'Mozilla/5.0 (Windows NT 10.0; Win64; x64) AppleWebKit/537.36 (KHTML, like Gecko) Chrome/123.0.0.0 Safari/537.36', 'email_password', 'ptmardika@gmail.com', 1, '2024-04-12 14:19:46', 1),
(91, '127.0.0.1', 'Mozilla/5.0 (Windows NT 10.0; Win64; x64) AppleWebKit/537.36 (KHTML, like Gecko) Chrome/123.0.0.0 Safari/537.36', 'email_password', 'ptmardika@gmail.com', 1, '2024-04-12 21:47:30', 1),
(92, '127.0.0.1', 'Mozilla/5.0 (Windows NT 10.0; Win64; x64) AppleWebKit/537.36 (KHTML, like Gecko) Chrome/123.0.0.0 Safari/537.36', 'email_password', 'ptmardika@gmail.com', 1, '2024-04-13 13:30:35', 1),
(93, '127.0.0.1', 'Mozilla/5.0 (Windows NT 10.0; Win64; x64) AppleWebKit/537.36 (KHTML, like Gecko) Chrome/123.0.0.0 Safari/537.36', 'email_password', 'ptmardika@gmail.com', 1, '2024-04-14 06:18:29', 1),
(94, '127.0.0.1', 'Mozilla/5.0 (Windows NT 10.0; Win64; x64) AppleWebKit/537.36 (KHTML, like Gecko) Chrome/123.0.0.0 Safari/537.36', 'email_password', 'ptmardika@gmail.com', NULL, '2024-04-14 10:51:05', 0),
(95, '127.0.0.1', 'Mozilla/5.0 (Windows NT 10.0; Win64; x64) AppleWebKit/537.36 (KHTML, like Gecko) Chrome/123.0.0.0 Safari/537.36', 'email_password', 'ptmardika@gmail.com', NULL, '2024-04-14 10:51:17', 0),
(96, '127.0.0.1', 'Mozilla/5.0 (Windows NT 10.0; Win64; x64) AppleWebKit/537.36 (KHTML, like Gecko) Chrome/123.0.0.0 Safari/537.36', 'email_password', 'ptmardika@gmail.com', 1, '2024-04-14 10:51:39', 1),
(97, '127.0.0.1', 'Mozilla/5.0 (Windows NT 10.0; Win64; x64) AppleWebKit/537.36 (KHTML, like Gecko) Chrome/123.0.0.0 Safari/537.36', 'email_password', 'ptmardika@gmail.com', 1, '2024-04-14 19:20:47', 1),
(98, '127.0.0.1', 'Mozilla/5.0 (Windows NT 10.0; Win64; x64) AppleWebKit/537.36 (KHTML, like Gecko) Chrome/123.0.0.0 Safari/537.36', 'email_password', 'ptmardika@gmail.com', 1, '2024-04-15 11:29:55', 1),
(99, '127.0.0.1', 'Mozilla/5.0 (Windows NT 10.0; Win64; x64) AppleWebKit/537.36 (KHTML, like Gecko) Chrome/123.0.0.0 Safari/537.36', 'email_password', 'ptmardika@gmail.com', 1, '2024-04-15 20:00:17', 1),
(100, '127.0.0.1', 'Mozilla/5.0 (Windows NT 10.0; Win64; x64) AppleWebKit/537.36 (KHTML, like Gecko) Chrome/123.0.0.0 Safari/537.36', 'email_password', 'ptmardika@gmail.com', 1, '2024-04-17 13:23:00', 1),
(101, '127.0.0.1', 'Mozilla/5.0 (Windows NT 10.0; Win64; x64) AppleWebKit/537.36 (KHTML, like Gecko) Chrome/123.0.0.0 Safari/537.36', 'email_password', 'ptmardika@gmail.com', 1, '2024-04-17 18:26:22', 1),
(102, '127.0.0.1', 'Mozilla/5.0 (Windows NT 10.0; Win64; x64) AppleWebKit/537.36 (KHTML, like Gecko) Chrome/123.0.0.0 Safari/537.36', 'email_password', 'ptmardika@gmail.com', 1, '2024-04-18 13:51:15', 1),
(103, '127.0.0.1', 'Mozilla/5.0 (Windows NT 10.0; Win64; x64) AppleWebKit/537.36 (KHTML, like Gecko) Chrome/123.0.0.0 Safari/537.36', 'email_password', 'ptmardika@gmail.com', 1, '2024-04-18 21:43:56', 1),
(104, '127.0.0.1', 'Mozilla/5.0 (Windows NT 10.0; Win64; x64) AppleWebKit/537.36 (KHTML, like Gecko) Chrome/123.0.0.0 Safari/537.36', 'email_password', 'ptmardika@gmail.com', 1, '2024-04-19 17:13:22', 1),
(105, '127.0.0.1', 'Mozilla/5.0 (Windows NT 10.0; Win64; x64) AppleWebKit/537.36 (KHTML, like Gecko) Chrome/123.0.0.0 Safari/537.36', 'email_password', 'ptmardika@gmail.com', 1, '2024-04-20 06:09:21', 1),
(106, '127.0.0.1', 'Mozilla/5.0 (Windows NT 10.0; Win64; x64) AppleWebKit/537.36 (KHTML, like Gecko) Chrome/123.0.0.0 Safari/537.36', 'email_password', 'ptmardika@gmail.com', 1, '2024-04-20 13:19:48', 1),
(107, '127.0.0.1', 'Mozilla/5.0 (Windows NT 10.0; Win64; x64) AppleWebKit/537.36 (KHTML, like Gecko) Chrome/123.0.0.0 Safari/537.36', 'email_password', 'ptmardika@gmail.com', 1, '2024-04-21 13:45:27', 1),
(108, '127.0.0.1', 'Mozilla/5.0 (Windows NT 10.0; Win64; x64) AppleWebKit/537.36 (KHTML, like Gecko) Chrome/123.0.0.0 Safari/537.36', 'email_password', 'ptmardika@gmail.com', 1, '2024-04-22 11:57:04', 1),
(109, '127.0.0.1', 'Mozilla/5.0 (Windows NT 10.0; Win64; x64) AppleWebKit/537.36 (KHTML, like Gecko) Chrome/123.0.0.0 Safari/537.36', 'email_password', 'ptmardika@gmail.com', 1, '2024-04-22 15:34:31', 1),
(110, '127.0.0.1', 'Mozilla/5.0 (Windows NT 10.0; Win64; x64) AppleWebKit/537.36 (KHTML, like Gecko) Chrome/123.0.0.0 Safari/537.36', 'email_password', 'ptmardika@gmail.com', 1, '2024-04-22 19:42:03', 1),
(111, '127.0.0.1', 'Mozilla/5.0 (Windows NT 10.0; Win64; x64) AppleWebKit/537.36 (KHTML, like Gecko) Chrome/123.0.0.0 Safari/537.36', 'email_password', 'ptmardika@gmail.com', 1, '2024-04-23 01:04:15', 1),
(112, '127.0.0.1', 'Mozilla/5.0 (Windows NT 10.0; Win64; x64) AppleWebKit/537.36 (KHTML, like Gecko) Chrome/123.0.0.0 Safari/537.36', 'email_password', 'ptmardika@gmail.com', 1, '2024-04-23 06:25:28', 1),
(113, '127.0.0.1', 'Mozilla/5.0 (Windows NT 10.0; Win64; x64) AppleWebKit/537.36 (KHTML, like Gecko) Chrome/124.0.0.0 Safari/537.36', 'email_password', 'ptmardika@gmail.com', 1, '2024-04-23 13:32:45', 1),
(114, '127.0.0.1', 'Mozilla/5.0 (Windows NT 10.0; Win64; x64) AppleWebKit/537.36 (KHTML, like Gecko) Chrome/124.0.0.0 Safari/537.36', 'email_password', 'ptmardika@gmail.com', 1, '2024-04-24 01:42:54', 1),
(115, '127.0.0.1', 'Mozilla/5.0 (Windows NT 10.0; Win64; x64) AppleWebKit/537.36 (KHTML, like Gecko) Chrome/124.0.0.0 Safari/537.36', 'email_password', 'ptmardika@gmail.com', 1, '2024-04-24 05:11:09', 1),
(116, '127.0.0.1', 'Mozilla/5.0 (Windows NT 10.0; Win64; x64) AppleWebKit/537.36 (KHTML, like Gecko) Chrome/124.0.0.0 Safari/537.36', 'email_password', 'ptmardika@gmail.com', 1, '2024-04-24 08:41:08', 1),
(117, '127.0.0.1', 'Mozilla/5.0 (Windows NT 10.0; Win64; x64) AppleWebKit/537.36 (KHTML, like Gecko) Chrome/124.0.0.0 Safari/537.36', 'email_password', 'ptmardika@gmail.com', 1, '2024-04-24 17:25:01', 1),
(118, '127.0.0.1', 'Mozilla/5.0 (Windows NT 10.0; Win64; x64) AppleWebKit/537.36 (KHTML, like Gecko) Chrome/124.0.0.0 Safari/537.36', 'email_password', 'ptmardika@gmail.com', 1, '2024-04-25 12:49:48', 1),
(119, '127.0.0.1', 'Mozilla/5.0 (Windows NT 10.0; Win64; x64) AppleWebKit/537.36 (KHTML, like Gecko) Chrome/124.0.0.0 Safari/537.36', 'email_password', 'ptmardika@gmail.com', 1, '2024-04-25 20:02:38', 1),
(120, '127.0.0.1', 'Mozilla/5.0 (Windows NT 10.0; Win64; x64) AppleWebKit/537.36 (KHTML, like Gecko) Chrome/124.0.0.0 Safari/537.36', 'email_password', 'ptmardika@gmail.com', 1, '2024-04-26 05:22:03', 1),
(121, '127.0.0.1', 'Mozilla/5.0 (Windows NT 10.0; Win64; x64) AppleWebKit/537.36 (KHTML, like Gecko) Chrome/124.0.0.0 Safari/537.36', 'email_password', 'ptmardika@gmail.com', 1, '2024-04-26 10:15:14', 1),
(122, '127.0.0.1', 'Mozilla/5.0 (Windows NT 10.0; Win64; x64) AppleWebKit/537.36 (KHTML, like Gecko) Chrome/124.0.0.0 Safari/537.36', 'email_password', 'ptmardika@gmail.com', 1, '2024-04-26 16:00:36', 1),
(123, '127.0.0.1', 'Mozilla/5.0 (Windows NT 10.0; Win64; x64) AppleWebKit/537.36 (KHTML, like Gecko) Chrome/124.0.0.0 Safari/537.36', 'email_password', 'ptmardika@gmail.com', 1, '2024-04-26 21:22:35', 1),
(124, '127.0.0.1', 'Mozilla/5.0 (Windows NT 10.0; Win64; x64) AppleWebKit/537.36 (KHTML, like Gecko) Chrome/124.0.0.0 Safari/537.36', 'email_password', 'ptmardika@gmail.com', NULL, '2024-04-27 00:30:19', 0),
(125, '127.0.0.1', 'Mozilla/5.0 (Windows NT 10.0; Win64; x64) AppleWebKit/537.36 (KHTML, like Gecko) Chrome/124.0.0.0 Safari/537.36', 'email_password', 'ptmardika@gmail.com', 1, '2024-04-27 00:30:29', 1),
(126, '127.0.0.1', 'Mozilla/5.0 (Windows NT 10.0; Win64; x64) AppleWebKit/537.36 (KHTML, like Gecko) Chrome/124.0.0.0 Safari/537.36', 'email_password', 'ptmardika@gmail.com', NULL, '2024-04-27 07:29:38', 0),
(127, '127.0.0.1', 'Mozilla/5.0 (Windows NT 10.0; Win64; x64) AppleWebKit/537.36 (KHTML, like Gecko) Chrome/124.0.0.0 Safari/537.36', 'email_password', 'ptmardika@gmail.com', NULL, '2024-04-27 07:29:44', 0),
(128, '127.0.0.1', 'Mozilla/5.0 (Windows NT 10.0; Win64; x64) AppleWebKit/537.36 (KHTML, like Gecko) Chrome/124.0.0.0 Safari/537.36', 'email_password', 'ptmardika@gmail.com', 1, '2024-04-27 07:29:56', 1),
(129, '127.0.0.1', 'Mozilla/5.0 (Windows NT 10.0; Win64; x64) AppleWebKit/537.36 (KHTML, like Gecko) Chrome/124.0.0.0 Safari/537.36', 'email_password', 'ptmardika@gmail.com', 1, '2024-04-27 14:59:42', 1),
(130, '127.0.0.1', 'Mozilla/5.0 (Windows NT 10.0; Win64; x64) AppleWebKit/537.36 (KHTML, like Gecko) Chrome/124.0.0.0 Safari/537.36 Edg/124.0.0.0', 'email_password', 'ptmardika@gmail.com', 1, '2024-04-27 15:03:20', 1),
(131, '127.0.0.1', 'Mozilla/5.0 (Windows NT 10.0; Win64; x64) AppleWebKit/537.36 (KHTML, like Gecko) Chrome/124.0.0.0 Safari/537.36', 'email_password', 'ptmardika@gmail.com', 1, '2024-04-27 23:35:40', 1),
(132, '127.0.0.1', 'Mozilla/5.0 (Windows NT 10.0; Win64; x64) AppleWebKit/537.36 (KHTML, like Gecko) Chrome/124.0.0.0 Safari/537.36', 'email_password', 'ptmardika@gmail.com', NULL, '2024-04-28 09:15:05', 0),
(133, '127.0.0.1', 'Mozilla/5.0 (Windows NT 10.0; Win64; x64) AppleWebKit/537.36 (KHTML, like Gecko) Chrome/124.0.0.0 Safari/537.36', 'email_password', 'ptmardika@gmail.com', 1, '2024-04-28 09:15:13', 1),
(134, '127.0.0.1', 'Mozilla/5.0 (Windows NT 10.0; Win64; x64) AppleWebKit/537.36 (KHTML, like Gecko) Chrome/124.0.0.0 Safari/537.36', 'email_password', 'ptmardika@gmail.com', 1, '2024-04-29 16:25:23', 1),
(135, '127.0.0.1', 'Mozilla/5.0 (Windows NT 10.0; Win64; x64) AppleWebKit/537.36 (KHTML, like Gecko) Chrome/124.0.0.0 Safari/537.36', 'email_password', 'ptmardika@gmail.com', 1, '2024-04-29 22:19:55', 1),
(136, '127.0.0.1', 'Mozilla/5.0 (Windows NT 10.0; Win64; x64) AppleWebKit/537.36 (KHTML, like Gecko) Chrome/124.0.0.0 Safari/537.36', 'email_password', 'ptmardika@gmail.com', 1, '2024-04-30 13:37:04', 1),
(137, '127.0.0.1', 'Mozilla/5.0 (Windows NT 10.0; Win64; x64) AppleWebKit/537.36 (KHTML, like Gecko) Chrome/124.0.0.0 Safari/537.36', 'email_password', 'ptmardika@gmail.com', NULL, '2024-04-30 23:19:42', 0),
(138, '127.0.0.1', 'Mozilla/5.0 (Windows NT 10.0; Win64; x64) AppleWebKit/537.36 (KHTML, like Gecko) Chrome/124.0.0.0 Safari/537.36', 'email_password', 'ptmardika@gmail.com', 1, '2024-04-30 23:19:59', 1),
(139, '127.0.0.1', 'Mozilla/5.0 (Linux; Android 6.0; Nexus 5 Build/MRA58N) AppleWebKit/537.36 (KHTML, like Gecko) Chrome/124.0.0.0 Mobile Safari/537.36', 'email_password', 'ptmardika@gmail.com', 1, '2024-05-01 05:19:02', 1),
(140, '127.0.0.1', 'Mozilla/5.0 (Windows NT 10.0; Win64; x64) AppleWebKit/537.36 (KHTML, like Gecko) Chrome/124.0.0.0 Safari/537.36', 'email_password', 'ptmardika@gmail.com', 1, '2024-05-01 09:59:33', 1),
(141, '127.0.0.1', 'Mozilla/5.0 (Windows NT 10.0; Win64; x64) AppleWebKit/537.36 (KHTML, like Gecko) Chrome/124.0.0.0 Safari/537.36', 'email_password', 'ptmardika@gmail.com', 1, '2024-05-01 14:29:05', 1),
(142, '127.0.0.1', 'Mozilla/5.0 (Windows NT 10.0; Win64; x64) AppleWebKit/537.36 (KHTML, like Gecko) Chrome/124.0.0.0 Safari/537.36', 'email_password', 'ptmardika@gmail.com', 1, '2024-05-01 17:33:28', 1),
(143, '127.0.0.1', 'Mozilla/5.0 (Windows NT 10.0; Win64; x64) AppleWebKit/537.36 (KHTML, like Gecko) Chrome/124.0.0.0 Safari/537.36', 'email_password', 'ptmardika@gmail.com', 1, '2024-05-01 21:11:48', 1),
(144, '127.0.0.1', 'Mozilla/5.0 (Windows NT 10.0; Win64; x64) AppleWebKit/537.36 (KHTML, like Gecko) Chrome/124.0.0.0 Safari/537.36', 'email_password', 'ptmardika@gmail.com', 1, '2024-05-02 16:38:13', 1),
(145, '127.0.0.1', 'Mozilla/5.0 (Windows NT 10.0; Win64; x64) AppleWebKit/537.36 (KHTML, like Gecko) Chrome/124.0.0.0 Safari/537.36', 'email_password', 'ptmardika@gmail.com', NULL, '2024-05-02 22:02:24', 0),
(146, '127.0.0.1', 'Mozilla/5.0 (Windows NT 10.0; Win64; x64) AppleWebKit/537.36 (KHTML, like Gecko) Chrome/124.0.0.0 Safari/537.36', 'email_password', 'ptmardika@gmail.com', NULL, '2024-05-02 22:09:52', 0),
(147, '127.0.0.1', 'Mozilla/5.0 (Windows NT 10.0; Win64; x64) AppleWebKit/537.36 (KHTML, like Gecko) Chrome/124.0.0.0 Safari/537.36', 'email_password', 'ptmardika@gmail.com', NULL, '2024-05-02 22:10:04', 0),
(148, '127.0.0.1', 'Mozilla/5.0 (Windows NT 10.0; Win64; x64) AppleWebKit/537.36 (KHTML, like Gecko) Chrome/124.0.0.0 Safari/537.36', 'email_password', 'ptmardika@gmail.com', 1, '2024-05-02 22:10:16', 1),
(149, '127.0.0.1', 'Mozilla/5.0 (Windows NT 10.0; Win64; x64) AppleWebKit/537.36 (KHTML, like Gecko) Chrome/124.0.0.0 Safari/537.36', 'email_password', 'ptmardika@gmail.com', 1, '2024-05-03 01:18:42', 1),
(150, '127.0.0.1', 'Mozilla/5.0 (Windows NT 10.0; Win64; x64) AppleWebKit/537.36 (KHTML, like Gecko) Chrome/124.0.0.0 Safari/537.36', 'email_password', 'ptmardika@gmail.com', 1, '2024-05-03 05:06:10', 1),
(151, '127.0.0.1', 'Mozilla/5.0 (Windows NT 10.0; Win64; x64) AppleWebKit/537.36 (KHTML, like Gecko) Chrome/124.0.0.0 Safari/537.36', 'email_password', 'ptmardika@gmail.com', 1, '2024-05-03 13:11:15', 1),
(152, '127.0.0.1', 'Mozilla/5.0 (Windows NT 10.0; Win64; x64) AppleWebKit/537.36 (KHTML, like Gecko) Chrome/124.0.0.0 Safari/537.36', 'email_password', 'ptmardika@gmail.com', 1, '2024-05-03 21:16:52', 1),
(153, '127.0.0.1', 'Mozilla/5.0 (Windows NT 10.0; Win64; x64) AppleWebKit/537.36 (KHTML, like Gecko) Chrome/124.0.0.0 Safari/537.36', 'email_password', 'ptmardika@gmail.com', 1, '2024-05-04 07:39:29', 1),
(154, '127.0.0.1', 'Mozilla/5.0 (Windows NT 10.0; Win64; x64) AppleWebKit/537.36 (KHTML, like Gecko) Chrome/124.0.0.0 Safari/537.36', 'email_password', 'ptmardika@gmail.com', 1, '2024-05-04 20:50:08', 1),
(155, '127.0.0.1', 'Mozilla/5.0 (Windows NT 10.0; Win64; x64) AppleWebKit/537.36 (KHTML, like Gecko) Chrome/124.0.0.0 Safari/537.36', 'email_password', 'ptmardika@gmail.com', 1, '2024-05-05 14:01:43', 1),
(156, '127.0.0.1', 'Mozilla/5.0 (Windows NT 10.0; Win64; x64) AppleWebKit/537.36 (KHTML, like Gecko) Chrome/124.0.0.0 Safari/537.36', 'email_password', 'ptmardika@gmail.com', 1, '2024-05-05 21:29:08', 1),
(157, '127.0.0.1', 'Mozilla/5.0 (Windows NT 10.0; Win64; x64) AppleWebKit/537.36 (KHTML, like Gecko) Chrome/124.0.0.0 Safari/537.36', 'email_password', 'ptmardika@gmail.com', 1, '2024-05-06 07:52:09', 1),
(158, '127.0.0.1', 'Mozilla/5.0 (Windows NT 10.0; Win64; x64) AppleWebKit/537.36 (KHTML, like Gecko) Chrome/124.0.0.0 Safari/537.36', 'email_password', 'ptmardika@gmail.com', NULL, '2024-05-06 07:59:58', 0),
(159, '127.0.0.1', 'Mozilla/5.0 (Windows NT 10.0; Win64; x64) AppleWebKit/537.36 (KHTML, like Gecko) Chrome/124.0.0.0 Safari/537.36', 'email_password', 'ptmardika@gmail.com', 1, '2024-05-06 08:00:08', 1),
(160, '127.0.0.1', 'Mozilla/5.0 (Windows NT 10.0; Win64; x64) AppleWebKit/537.36 (KHTML, like Gecko) Chrome/124.0.0.0 Safari/537.36', 'email_password', 'ptmardika@gmail.com', 1, '2024-05-06 16:21:12', 1),
(161, '127.0.0.1', 'Mozilla/5.0 (Windows NT 10.0; Win64; x64) AppleWebKit/537.36 (KHTML, like Gecko) Chrome/124.0.0.0 Safari/537.36', 'email_password', 'ptmardika@gmail.com', 1, '2024-05-06 20:33:46', 1),
(162, '127.0.0.1', 'Mozilla/5.0 (Windows NT 10.0; Win64; x64) AppleWebKit/537.36 (KHTML, like Gecko) Chrome/124.0.0.0 Safari/537.36', 'email_password', 'ptmardika@gmail.com', NULL, '2024-05-07 23:10:39', 0),
(163, '127.0.0.1', 'Mozilla/5.0 (Windows NT 10.0; Win64; x64) AppleWebKit/537.36 (KHTML, like Gecko) Chrome/124.0.0.0 Safari/537.36', 'email_password', 'ptmardika@gmail.com', NULL, '2024-05-07 23:10:45', 0),
(164, '127.0.0.1', 'Mozilla/5.0 (Windows NT 10.0; Win64; x64) AppleWebKit/537.36 (KHTML, like Gecko) Chrome/124.0.0.0 Safari/537.36', 'email_password', 'ptmardika@gmail.com', 1, '2024-05-07 23:10:58', 1),
(165, '127.0.0.1', 'Mozilla/5.0 (Windows NT 10.0; Win64; x64) AppleWebKit/537.36 (KHTML, like Gecko) Chrome/124.0.0.0 Safari/537.36', 'email_password', 'ptmardika@gmail.com', NULL, '2024-05-08 08:36:10', 0),
(166, '127.0.0.1', 'Mozilla/5.0 (Windows NT 10.0; Win64; x64) AppleWebKit/537.36 (KHTML, like Gecko) Chrome/124.0.0.0 Safari/537.36', 'email_password', 'ptmardika@gmail.com', 1, '2024-05-08 09:47:24', 1),
(167, '127.0.0.1', 'Mozilla/5.0 (Windows NT 10.0; Win64; x64) AppleWebKit/537.36 (KHTML, like Gecko) Chrome/124.0.0.0 Safari/537.36', 'email_password', 'ptmardika@gmail.com', 1, '2024-05-08 22:33:07', 1),
(168, '127.0.0.1', 'Mozilla/5.0 (Windows NT 10.0; Win64; x64) AppleWebKit/537.36 (KHTML, like Gecko) Chrome/124.0.0.0 Safari/537.36', 'email_password', 'ptmardika@gmail.com', 1, '2024-05-09 05:35:41', 1),
(169, '127.0.0.1', 'Mozilla/5.0 (Windows NT 10.0; Win64; x64) AppleWebKit/537.36 (KHTML, like Gecko) Chrome/124.0.0.0 Safari/537.36', 'email_password', 'ptmardika@gmail.com', 1, '2024-05-09 08:39:13', 1),
(170, '127.0.0.1', 'Mozilla/5.0 (Windows NT 10.0; Win64; x64) AppleWebKit/537.36 (KHTML, like Gecko) Chrome/124.0.0.0 Safari/537.36', 'email_password', 'ptmardika@gmail.com', 1, '2024-05-09 23:35:43', 1),
(171, '127.0.0.1', 'Mozilla/5.0 (Windows NT 10.0; Win64; x64) AppleWebKit/537.36 (KHTML, like Gecko) Chrome/124.0.0.0 Safari/537.36', 'email_password', 'ptmardika@gmail.com', 1, '2024-05-10 07:44:31', 1),
(172, '127.0.0.1', 'Mozilla/5.0 (Windows NT 10.0; Win64; x64) AppleWebKit/537.36 (KHTML, like Gecko) Chrome/124.0.0.0 Safari/537.36', 'email_password', 'ptmardika@gmail.com', 1, '2024-05-10 20:56:49', 1),
(173, '127.0.0.1', 'Mozilla/5.0 (Windows NT 10.0; Win64; x64) AppleWebKit/537.36 (KHTML, like Gecko) Chrome/124.0.0.0 Safari/537.36', 'email_password', 'ptmardika@gmail.com', 1, '2024-05-11 20:18:25', 1),
(174, '127.0.0.1', 'Mozilla/5.0 (Windows NT 10.0; Win64; x64) AppleWebKit/537.36 (KHTML, like Gecko) Chrome/124.0.0.0 Safari/537.36', 'email_password', 'ptmardika@gmail.com', 1, '2024-05-12 13:03:52', 1),
(175, '127.0.0.1', 'Mozilla/5.0 (Windows NT 10.0; Win64; x64) AppleWebKit/537.36 (KHTML, like Gecko) Chrome/124.0.0.0 Safari/537.36', 'email_password', 'ptmardika@gmail.com', 1, '2024-05-13 21:02:45', 1),
(176, '127.0.0.1', 'Mozilla/5.0 (Windows NT 10.0; Win64; x64) AppleWebKit/537.36 (KHTML, like Gecko) Chrome/124.0.0.0 Safari/537.36', 'email_password', 'ptmardika@gmail.com', 1, '2024-05-14 16:48:52', 1),
(177, '127.0.0.1', 'Mozilla/5.0 (Windows NT 10.0; Win64; x64) AppleWebKit/537.36 (KHTML, like Gecko) Chrome/124.0.0.0 Safari/537.36', 'email_password', 'ptmardika@gmail.com', 1, '2024-05-14 22:04:18', 1),
(178, '127.0.0.1', 'Mozilla/5.0 (Windows NT 10.0; Win64; x64) AppleWebKit/537.36 (KHTML, like Gecko) Chrome/124.0.0.0 Safari/537.36', 'email_password', 'ptmardika@gmail.com', NULL, '2024-05-15 15:50:40', 0),
(179, '127.0.0.1', 'Mozilla/5.0 (Windows NT 10.0; Win64; x64) AppleWebKit/537.36 (KHTML, like Gecko) Chrome/124.0.0.0 Safari/537.36', 'email_password', 'ptmardika@gmail.com', 1, '2024-05-15 15:50:49', 1),
(180, '127.0.0.1', 'Mozilla/5.0 (Windows NT 10.0; Win64; x64) AppleWebKit/537.36 (KHTML, like Gecko) Chrome/124.0.0.0 Safari/537.36', 'email_password', 'ptmardika@gmail.com', NULL, '2024-05-16 00:54:25', 0),
(181, '127.0.0.1', 'Mozilla/5.0 (Windows NT 10.0; Win64; x64) AppleWebKit/537.36 (KHTML, like Gecko) Chrome/124.0.0.0 Safari/537.36', 'email_password', 'ptmardika@gmail.com', 1, '2024-05-16 00:54:37', 1),
(182, '127.0.0.1', 'Mozilla/5.0 (Windows NT 10.0; Win64; x64) AppleWebKit/537.36 (KHTML, like Gecko) Chrome/124.0.0.0 Safari/537.36', 'email_password', 'ptmardika@gmail.com', NULL, '2024-05-16 05:56:15', 0),
(183, '127.0.0.1', 'Mozilla/5.0 (Windows NT 10.0; Win64; x64) AppleWebKit/537.36 (KHTML, like Gecko) Chrome/124.0.0.0 Safari/537.36', 'email_password', 'ptmardika@gmail.com', 1, '2024-05-16 05:56:24', 1),
(184, '127.0.0.1', 'Mozilla/5.0 (Windows NT 10.0; Win64; x64) AppleWebKit/537.36 (KHTML, like Gecko) Chrome/125.0.0.0 Safari/537.36', 'email_password', 'ptmardika@gmail.com', 1, '2024-05-16 14:55:21', 1),
(185, '127.0.0.1', 'Mozilla/5.0 (Windows NT 10.0; Win64; x64) AppleWebKit/537.36 (KHTML, like Gecko) Chrome/125.0.0.0 Safari/537.36', 'email_password', 'ptmardika@gmail.com', 1, '2024-05-16 20:17:07', 1),
(186, '127.0.0.1', 'Mozilla/5.0 (Linux; Android 6.0; Nexus 5 Build/MRA58N) AppleWebKit/537.36 (KHTML, like Gecko) Chrome/125.0.0.0 Mobile Safari/537.36', 'email_password', 'ptmardika@gmail.com', 1, '2024-05-17 01:43:07', 1),
(187, '127.0.0.1', 'Mozilla/5.0 (Windows NT 10.0; Win64; x64) AppleWebKit/537.36 (KHTML, like Gecko) Chrome/125.0.0.0 Safari/537.36', 'email_password', 'ptmardika@gmail.com', NULL, '2024-05-17 08:07:50', 0),
(188, '127.0.0.1', 'Mozilla/5.0 (Windows NT 10.0; Win64; x64) AppleWebKit/537.36 (KHTML, like Gecko) Chrome/125.0.0.0 Safari/537.36', 'email_password', 'ptmardika@gmail.com', 1, '2024-05-17 08:07:59', 1),
(189, '127.0.0.1', 'Mozilla/5.0 (Windows NT 10.0; Win64; x64) AppleWebKit/537.36 (KHTML, like Gecko) Chrome/125.0.0.0 Safari/537.36', 'email_password', 'ptmardika@gmail.com', 1, '2024-05-17 15:50:55', 1),
(190, '127.0.0.1', 'Mozilla/5.0 (Windows NT 10.0; Win64; x64) AppleWebKit/537.36 (KHTML, like Gecko) Chrome/125.0.0.0 Safari/537.36', 'email_password', 'ptmardika@gmail.com', 1, '2024-05-17 20:09:36', 1),
(191, '127.0.0.1', 'Mozilla/5.0 (Linux; Android 6.0; Nexus 5 Build/MRA58N) AppleWebKit/537.36 (KHTML, like Gecko) Chrome/125.0.0.0 Mobile Safari/537.36', 'email_password', 'ptmardika@gmail.com', NULL, '2024-05-18 03:11:10', 0),
(192, '127.0.0.1', 'Mozilla/5.0 (Linux; Android 6.0; Nexus 5 Build/MRA58N) AppleWebKit/537.36 (KHTML, like Gecko) Chrome/125.0.0.0 Mobile Safari/537.36', 'email_password', 'ptmardika@gmail.com', 1, '2024-05-18 03:11:19', 1),
(193, '127.0.0.1', 'Mozilla/5.0 (Windows NT 10.0; Win64; x64) AppleWebKit/537.36 (KHTML, like Gecko) Chrome/125.0.0.0 Safari/537.36', 'email_password', 'ptmardika@gmail.com', 1, '2024-05-18 09:58:43', 1),
(194, '127.0.0.1', 'Mozilla/5.0 (Windows NT 10.0; Win64; x64) AppleWebKit/537.36 (KHTML, like Gecko) Chrome/125.0.0.0 Safari/537.36', 'email_password', 'ptmardika@gmail.com', NULL, '2024-05-18 12:00:46', 0),
(195, '127.0.0.1', 'Mozilla/5.0 (Windows NT 10.0; Win64; x64) AppleWebKit/537.36 (KHTML, like Gecko) Chrome/125.0.0.0 Safari/537.36', 'email_password', 'ptmardika@gmail.com', 1, '2024-05-18 12:00:53', 1),
(196, '127.0.0.1', 'Mozilla/5.0 (Windows NT 10.0; Win64; x64) AppleWebKit/537.36 (KHTML, like Gecko) Chrome/125.0.0.0 Safari/537.36', 'email_password', 'ptmardika@gmail.com', 1, '2024-05-18 18:40:20', 1),
(197, '127.0.0.1', 'Mozilla/5.0 (Windows NT 10.0; Win64; x64) AppleWebKit/537.36 (KHTML, like Gecko) Chrome/125.0.0.0 Safari/537.36', 'email_password', 'ptmardika@gmail.com', 1, '2024-05-18 21:26:33', 1),
(198, '127.0.0.1', 'Mozilla/5.0 (Windows NT 10.0; Win64; x64) AppleWebKit/537.36 (KHTML, like Gecko) Chrome/125.0.0.0 Safari/537.36', 'email_password', 'ptmardika@gmail.com', 1, '2024-05-19 00:46:10', 1),
(199, '127.0.0.1', 'Mozilla/5.0 (Windows NT 10.0; Win64; x64) AppleWebKit/537.36 (KHTML, like Gecko) Chrome/125.0.0.0 Safari/537.36', 'email_password', 'ptmardika@gmail.com', 1, '2024-05-19 05:48:11', 1),
(200, '127.0.0.1', 'Mozilla/5.0 (Windows NT 10.0; Win64; x64) AppleWebKit/537.36 (KHTML, like Gecko) Chrome/125.0.0.0 Safari/537.36', 'email_password', 'ptmardika@gmail.com', 1, '2024-05-19 08:43:39', 1),
(201, '127.0.0.1', 'Mozilla/5.0 (Windows NT 10.0; Win64; x64) AppleWebKit/537.36 (KHTML, like Gecko) Chrome/125.0.0.0 Safari/537.36', 'email_password', 'ptmardika@gmail.com', 1, '2024-05-19 20:23:39', 1),
(202, '127.0.0.1', 'Mozilla/5.0 (Windows NT 10.0; Win64; x64) AppleWebKit/537.36 (KHTML, like Gecko) Chrome/125.0.0.0 Safari/537.36', 'email_password', 'ptmardika@gmail.com', 1, '2024-05-20 08:23:05', 1),
(203, '127.0.0.1', 'Mozilla/5.0 (Windows NT 10.0; Win64; x64) AppleWebKit/537.36 (KHTML, like Gecko) Chrome/125.0.0.0 Safari/537.36', 'email_password', 'ptmardika@gmail.com', 1, '2024-05-20 19:44:27', 1),
(204, '127.0.0.1', 'Mozilla/5.0 (Windows NT 10.0; Win64; x64) AppleWebKit/537.36 (KHTML, like Gecko) Chrome/125.0.0.0 Safari/537.36', 'email_password', 'ptmardika@gmail.com', 1, '2024-05-21 07:41:05', 1),
(205, '127.0.0.1', 'Mozilla/5.0 (Windows NT 10.0; Win64; x64) AppleWebKit/537.36 (KHTML, like Gecko) Chrome/125.0.0.0 Safari/537.36', 'email_password', 'ptmardika@gmail.com', 1, '2024-05-21 16:39:21', 1),
(206, '127.0.0.1', 'Mozilla/5.0 (Windows NT 10.0; Win64; x64) AppleWebKit/537.36 (KHTML, like Gecko) Chrome/125.0.0.0 Safari/537.36', 'email_password', 'ptmardika@gmail.com', NULL, '2024-05-22 04:05:05', 0),
(207, '127.0.0.1', 'Mozilla/5.0 (Windows NT 10.0; Win64; x64) AppleWebKit/537.36 (KHTML, like Gecko) Chrome/125.0.0.0 Safari/537.36', 'email_password', 'ptmardika@gmail.com', 1, '2024-05-22 04:05:11', 1),
(208, '127.0.0.1', 'Mozilla/5.0 (Windows NT 10.0; Win64; x64) AppleWebKit/537.36 (KHTML, like Gecko) Chrome/125.0.0.0 Safari/537.36', 'email_password', 'ptmardika@gmail.com', NULL, '2024-05-22 17:38:24', 0),
(209, '127.0.0.1', 'Mozilla/5.0 (Windows NT 10.0; Win64; x64) AppleWebKit/537.36 (KHTML, like Gecko) Chrome/125.0.0.0 Safari/537.36', 'email_password', 'ptmardika@gmail.com', 1, '2024-05-22 17:38:30', 1),
(210, '127.0.0.1', 'Mozilla/5.0 (Windows NT 10.0; Win64; x64) AppleWebKit/537.36 (KHTML, like Gecko) Chrome/125.0.0.0 Safari/537.36', 'email_password', 'ptmardika@gmail.com', NULL, '2024-05-22 20:34:36', 0),
(211, '127.0.0.1', 'Mozilla/5.0 (Windows NT 10.0; Win64; x64) AppleWebKit/537.36 (KHTML, like Gecko) Chrome/125.0.0.0 Safari/537.36', 'email_password', 'ptmardika@gmail.com', 1, '2024-05-22 20:34:42', 1),
(212, '127.0.0.1', 'Mozilla/5.0 (Windows NT 10.0; Win64; x64) AppleWebKit/537.36 (KHTML, like Gecko) Chrome/125.0.0.0 Safari/537.36', 'email_password', 'ptmardika@gmail.com', 1, '2024-05-23 11:42:19', 1),
(213, '127.0.0.1', 'Mozilla/5.0 (Windows NT 10.0; Win64; x64) AppleWebKit/537.36 (KHTML, like Gecko) Chrome/125.0.0.0 Safari/537.36', 'email_password', 'ptmardika@gmail.com', NULL, '2024-05-23 20:14:35', 0),
(214, '127.0.0.1', 'Mozilla/5.0 (Windows NT 10.0; Win64; x64) AppleWebKit/537.36 (KHTML, like Gecko) Chrome/125.0.0.0 Safari/537.36', 'email_password', 'ptmardika@gmail.com', 1, '2024-05-23 20:14:41', 1),
(215, '127.0.0.1', 'Mozilla/5.0 (Windows NT 10.0; Win64; x64) AppleWebKit/537.36 (KHTML, like Gecko) Chrome/125.0.0.0 Safari/537.36', 'email_password', 'ptmardika@gmail.com', 1, '2024-05-24 05:59:23', 1),
(216, '127.0.0.1', 'Mozilla/5.0 (Windows NT 10.0; Win64; x64) AppleWebKit/537.36 (KHTML, like Gecko) Chrome/125.0.0.0 Safari/537.36', 'email_password', 'ptmardika@gmail.com', 1, '2024-05-24 09:05:44', 1),
(217, '127.0.0.1', 'Mozilla/5.0 (Windows NT 10.0; Win64; x64) AppleWebKit/537.36 (KHTML, like Gecko) Chrome/125.0.0.0 Safari/537.36', 'email_password', 'ptmardika@gmail.com', 1, '2024-05-24 12:16:11', 1),
(218, '127.0.0.1', 'Mozilla/5.0 (Windows NT 10.0; Win64; x64) AppleWebKit/537.36 (KHTML, like Gecko) Chrome/125.0.0.0 Safari/537.36', 'email_password', 'ptmardika@gmail.com', 1, '2024-05-24 21:51:03', 1),
(219, '127.0.0.1', 'Mozilla/5.0 (Windows NT 10.0; Win64; x64) AppleWebKit/537.36 (KHTML, like Gecko) Chrome/125.0.0.0 Safari/537.36', 'email_password', 'ptmardika@gmail.com', 1, '2024-05-25 05:29:32', 1),
(220, '127.0.0.1', 'Mozilla/5.0 (Windows NT 10.0; Win64; x64) AppleWebKit/537.36 (KHTML, like Gecko) Chrome/125.0.0.0 Safari/537.36', 'email_password', 'ptmardika@gmail.com', 1, '2024-05-25 17:45:20', 1),
(221, '127.0.0.1', 'Mozilla/5.0 (Windows NT 10.0; Win64; x64) AppleWebKit/537.36 (KHTML, like Gecko) Chrome/125.0.0.0 Safari/537.36', 'email_password', 'ptmardika@gmail.com', 1, '2024-05-25 21:56:03', 1),
(222, '127.0.0.1', 'Mozilla/5.0 (Windows NT 10.0; Win64; x64) AppleWebKit/537.36 (KHTML, like Gecko) Chrome/125.0.0.0 Safari/537.36', 'email_password', 'ptmardika@gmail.com', 1, '2024-05-26 06:40:23', 1),
(223, '127.0.0.1', 'Mozilla/5.0 (Windows NT 10.0; Win64; x64) AppleWebKit/537.36 (KHTML, like Gecko) Chrome/125.0.0.0 Safari/537.36', 'email_password', 'ptmardika@gmail.com', 1, '2024-05-26 09:49:02', 1),
(224, '127.0.0.1', 'Mozilla/5.0 (Windows NT 10.0; Win64; x64) AppleWebKit/537.36 (KHTML, like Gecko) Chrome/125.0.0.0 Safari/537.36', 'email_password', 'ptmardika@gmail.com', NULL, '2024-05-26 15:40:58', 0),
(225, '127.0.0.1', 'Mozilla/5.0 (Windows NT 10.0; Win64; x64) AppleWebKit/537.36 (KHTML, like Gecko) Chrome/125.0.0.0 Safari/537.36', 'email_password', 'ptmardika@gmail.com', 1, '2024-05-26 15:41:04', 1),
(226, '127.0.0.1', 'Mozilla/5.0 (Windows NT 10.0; Win64; x64) AppleWebKit/537.36 (KHTML, like Gecko) Chrome/125.0.0.0 Safari/537.36', 'email_password', 'ptmardika@gmail.com', 1, '2024-05-26 18:52:08', 1),
(227, '127.0.0.1', 'Mozilla/5.0 (Windows NT 10.0; Win64; x64) AppleWebKit/537.36 (KHTML, like Gecko) Chrome/125.0.0.0 Safari/537.36', 'email_password', 'ptmardika@gmail.com', 1, '2024-05-27 18:01:13', 1),
(228, '127.0.0.1', 'Mozilla/5.0 (Windows NT 10.0; Win64; x64) AppleWebKit/537.36 (KHTML, like Gecko) Chrome/125.0.0.0 Safari/537.36', 'email_password', 'ptmardika@gmail.com', 1, '2024-05-28 20:01:21', 1),
(229, '127.0.0.1', 'Mozilla/5.0 (Windows NT 10.0; Win64; x64) AppleWebKit/537.36 (KHTML, like Gecko) Chrome/125.0.0.0 Safari/537.36', 'email_password', 'ptmardika@gmail.com', 1, '2024-06-02 07:30:44', 1),
(230, '127.0.0.1', 'Mozilla/5.0 (Windows NT 10.0; Win64; x64) AppleWebKit/537.36 (KHTML, like Gecko) Chrome/125.0.0.0 Safari/537.36', 'email_password', 'ptmardika@gmail.com', 1, '2024-06-02 18:14:40', 1),
(231, '127.0.0.1', 'Mozilla/5.0 (Windows NT 10.0; Win64; x64) AppleWebKit/537.36 (KHTML, like Gecko) Chrome/125.0.0.0 Safari/537.36', 'email_password', 'ptmardika@gmail.com', 1, '2024-06-03 10:40:35', 1),
(232, '127.0.0.1', 'Mozilla/5.0 (Windows NT 10.0; Win64; x64) AppleWebKit/537.36 (KHTML, like Gecko) Chrome/125.0.0.0 Safari/537.36', 'email_password', 'ptmardika@gmail.com', 1, '2024-06-03 21:45:45', 1),
(233, '127.0.0.1', 'Mozilla/5.0 (Windows NT 10.0; Win64; x64) AppleWebKit/537.36 (KHTML, like Gecko) Chrome/125.0.0.0 Safari/537.36', 'email_password', 'ptmardika@gmail.com', 1, '2024-06-04 04:36:41', 1),
(234, '127.0.0.1', 'Mozilla/5.0 (Windows NT 10.0; Win64; x64) AppleWebKit/537.36 (KHTML, like Gecko) Chrome/125.0.0.0 Safari/537.36', 'email_password', 'ptmardika@gmail.com', 1, '2024-06-04 09:57:18', 1),
(235, '127.0.0.1', 'Mozilla/5.0 (Windows NT 10.0; Win64; x64) AppleWebKit/537.36 (KHTML, like Gecko) Chrome/125.0.0.0 Safari/537.36', 'email_password', 'ptmardika@gmail.com', 1, '2024-06-04 12:07:32', 1),
(236, '127.0.0.1', 'Mozilla/5.0 (Windows NT 10.0; Win64; x64) AppleWebKit/537.36 (KHTML, like Gecko) Chrome/125.0.0.0 Safari/537.36', 'email_password', 'ptmardika@gmail.com', 1, '2024-06-04 20:12:42', 1),
(237, '127.0.0.1', 'Mozilla/5.0 (Windows NT 10.0; Win64; x64) AppleWebKit/537.36 (KHTML, like Gecko) Chrome/125.0.0.0 Safari/537.36', 'email_password', 'ptmardika@gmail.com', 1, '2024-06-05 01:47:52', 1),
(238, '127.0.0.1', 'Mozilla/5.0 (Windows NT 10.0; Win64; x64) AppleWebKit/537.36 (KHTML, like Gecko) Chrome/125.0.0.0 Safari/537.36', 'email_password', 'ptmardika@gmail.com', 1, '2024-06-05 10:19:24', 1),
(239, '127.0.0.1', 'Mozilla/5.0 (Windows NT 10.0; Win64; x64) AppleWebKit/537.36 (KHTML, like Gecko) Chrome/125.0.0.0 Safari/537.36', 'email_password', 'ptmardika@gmail.com', 1, '2024-06-05 20:11:15', 1),
(240, '127.0.0.1', 'Mozilla/5.0 (Windows NT 10.0; Win64; x64) AppleWebKit/537.36 (KHTML, like Gecko) Chrome/125.0.0.0 Safari/537.36', 'email_password', 'ptmardika@gmail.com', 1, '2024-06-06 05:23:49', 1),
(241, '127.0.0.1', 'Mozilla/5.0 (Windows NT 10.0; Win64; x64) AppleWebKit/537.36 (KHTML, like Gecko) Chrome/125.0.0.0 Safari/537.36', 'email_password', 'ptmardika@gmail.com', 1, '2024-06-06 13:49:36', 1),
(242, '127.0.0.1', 'Mozilla/5.0 (Windows NT 10.0; Win64; x64) AppleWebKit/537.36 (KHTML, like Gecko) Chrome/125.0.0.0 Safari/537.36', 'email_password', 'ptmardika@gmail.com', 1, '2024-06-06 21:02:35', 1),
(243, '127.0.0.1', 'Mozilla/5.0 (Windows NT 10.0; Win64; x64) AppleWebKit/537.36 (KHTML, like Gecko) Chrome/125.0.0.0 Safari/537.36', 'email_password', 'ptmardika@gmail.com', 1, '2024-06-07 03:58:36', 1),
(244, '127.0.0.1', 'Mozilla/5.0 (Windows NT 10.0; Win64; x64) AppleWebKit/537.36 (KHTML, like Gecko) Chrome/125.0.0.0 Safari/537.36', 'email_password', 'ptmardika@gmail.com', 1, '2024-06-07 12:08:47', 1);
INSERT INTO `auth_logins` (`id`, `ip_address`, `user_agent`, `id_type`, `identifier`, `user_id`, `date`, `success`) VALUES
(245, '127.0.0.1', 'Mozilla/5.0 (Windows NT 10.0; Win64; x64) AppleWebKit/537.36 (KHTML, like Gecko) Chrome/125.0.0.0 Safari/537.36', 'email_password', 'ptmardika@gmail.com', NULL, '2024-06-07 16:38:35', 0),
(246, '127.0.0.1', 'Mozilla/5.0 (Windows NT 10.0; Win64; x64) AppleWebKit/537.36 (KHTML, like Gecko) Chrome/125.0.0.0 Safari/537.36', 'email_password', 'ptmardika@gmail.com', NULL, '2024-06-07 16:38:41', 0),
(247, '127.0.0.1', 'Mozilla/5.0 (Windows NT 10.0; Win64; x64) AppleWebKit/537.36 (KHTML, like Gecko) Chrome/125.0.0.0 Safari/537.36', 'email_password', 'ptmardika@gmail.com', NULL, '2024-06-07 16:38:50', 0),
(248, '127.0.0.1', 'Mozilla/5.0 (Windows NT 10.0; Win64; x64) AppleWebKit/537.36 (KHTML, like Gecko) Chrome/125.0.0.0 Safari/537.36', 'email_password', 'ptmardika@gmail.com', 1, '2024-06-07 16:39:03', 1),
(249, '127.0.0.1', 'Mozilla/5.0 (Windows NT 10.0; Win64; x64) AppleWebKit/537.36 (KHTML, like Gecko) Chrome/125.0.0.0 Safari/537.36', 'email_password', 'ptmardika@gmail.com', 1, '2024-06-08 03:34:17', 1),
(250, '127.0.0.1', 'Mozilla/5.0 (Windows NT 10.0; Win64; x64) AppleWebKit/537.36 (KHTML, like Gecko) Chrome/125.0.0.0 Safari/537.36', 'email_password', 'ptmardika@gmail.com', 1, '2024-06-08 07:47:18', 1),
(251, '127.0.0.1', 'Mozilla/5.0 (Windows NT 10.0; Win64; x64) AppleWebKit/537.36 (KHTML, like Gecko) Chrome/125.0.0.0 Safari/537.36', 'email_password', 'ptmardika@gmail.com', 1, '2024-06-08 10:07:57', 1),
(252, '127.0.0.1', 'Mozilla/5.0 (Windows NT 10.0; Win64; x64) AppleWebKit/537.36 (KHTML, like Gecko) Chrome/125.0.0.0 Safari/537.36', 'email_password', 'ptmardika@gmail.com', 1, '2024-06-09 19:32:54', 1),
(253, '127.0.0.1', 'Mozilla/5.0 (Windows NT 10.0; Win64; x64) AppleWebKit/537.36 (KHTML, like Gecko) Chrome/125.0.0.0 Safari/537.36', 'email_password', 'ptmardika@gmail.com', 1, '2024-06-11 21:32:00', 1),
(254, '127.0.0.1', 'Mozilla/5.0 (Windows NT 10.0; Win64; x64) AppleWebKit/537.36 (KHTML, like Gecko) Chrome/125.0.0.0 Safari/537.36', 'email_password', 'ptmardika@gmail.com', 1, '2024-06-12 04:59:50', 1),
(255, '127.0.0.1', 'Mozilla/5.0 (Windows NT 10.0; Win64; x64) AppleWebKit/537.36 (KHTML, like Gecko) Chrome/125.0.0.0 Safari/537.36', 'email_password', 'ptmardika@gmail.com', 1, '2024-06-12 15:38:26', 1),
(256, '127.0.0.1', 'Mozilla/5.0 (Windows NT 10.0; Win64; x64) AppleWebKit/537.36 (KHTML, like Gecko) Chrome/125.0.0.0 Safari/537.36', 'email_password', 'ptmardika@gmail.com', 1, '2024-06-12 18:41:38', 1),
(257, '127.0.0.1', 'Mozilla/5.0 (Windows NT 10.0; Win64; x64) AppleWebKit/537.36 (KHTML, like Gecko) Chrome/125.0.0.0 Safari/537.36', 'email_password', 'ptmardika@gmail.com', 1, '2024-06-13 04:16:33', 1),
(258, '127.0.0.1', 'Mozilla/5.0 (Windows NT 10.0; Win64; x64) AppleWebKit/537.36 (KHTML, like Gecko) Chrome/125.0.0.0 Safari/537.36', 'email_password', 'ptmardika@gmail.com', 1, '2024-06-13 08:13:19', 1),
(259, '127.0.0.1', 'Mozilla/5.0 (Windows NT 10.0; Win64; x64) AppleWebKit/537.36 (KHTML, like Gecko) Chrome/125.0.0.0 Safari/537.36', 'email_password', 'ptmardika@gmail.com', 1, '2024-06-13 21:18:18', 1),
(260, '127.0.0.1', 'Mozilla/5.0 (Windows NT 10.0; Win64; x64) AppleWebKit/537.36 (KHTML, like Gecko) Chrome/125.0.0.0 Safari/537.36', 'email_password', 'ptmardika@gmail.com', 1, '2024-06-14 08:13:07', 1),
(261, '127.0.0.1', 'Mozilla/5.0 (Windows NT 10.0; Win64; x64) AppleWebKit/537.36 (KHTML, like Gecko) Chrome/125.0.0.0 Safari/537.36', 'email_password', 'ptmardika@gmail.com', 1, '2024-06-14 10:26:20', 1),
(262, '127.0.0.1', 'Mozilla/5.0 (Windows NT 10.0; Win64; x64) AppleWebKit/537.36 (KHTML, like Gecko) Chrome/125.0.0.0 Safari/537.36', 'email_password', 'ptmardika@gmail.com', 1, '2024-06-14 17:37:09', 1),
(263, '127.0.0.1', 'Mozilla/5.0 (Linux; Android 6.0; Nexus 5 Build/MRA58N) AppleWebKit/537.36 (KHTML, like Gecko) Chrome/125.0.0.0 Mobile Safari/537.36', 'email_password', 'ptmardika@gmail.com', 1, '2024-06-15 04:16:20', 1),
(264, '127.0.0.1', 'Mozilla/5.0 (Windows NT 10.0; Win64; x64) AppleWebKit/537.36 (KHTML, like Gecko) Chrome/125.0.0.0 Safari/537.36', 'email_password', 'ptmardika@gmail.com', 1, '2024-06-15 09:17:39', 1),
(265, '127.0.0.1', 'Mozilla/5.0 (Windows NT 10.0; Win64; x64) AppleWebKit/537.36 (KHTML, like Gecko) Chrome/125.0.0.0 Safari/537.36', 'email_password', 'ptmardika@gmail.com', 1, '2024-06-15 20:48:02', 1),
(266, '127.0.0.1', 'Mozilla/5.0 (Windows NT 10.0; Win64; x64) AppleWebKit/537.36 (KHTML, like Gecko) Chrome/125.0.0.0 Safari/537.36', 'email_password', 'ptmardika@gmail.com', 1, '2024-06-16 06:51:20', 1),
(267, '127.0.0.1', 'Mozilla/5.0 (Windows NT 10.0; Win64; x64) AppleWebKit/537.36 (KHTML, like Gecko) Chrome/125.0.0.0 Safari/537.36', 'email_password', 'ptmardika@gmail.com', 1, '2024-06-16 14:16:54', 1),
(268, '127.0.0.1', 'Mozilla/5.0 (Windows NT 10.0; Win64; x64) AppleWebKit/537.36 (KHTML, like Gecko) Chrome/125.0.0.0 Safari/537.36', 'email_password', 'ptmardika@gmail.com', 1, '2024-06-16 18:45:55', 1),
(269, '127.0.0.1', 'Mozilla/5.0 (Windows NT 10.0; Win64; x64) AppleWebKit/537.36 (KHTML, like Gecko) Chrome/125.0.0.0 Safari/537.36', 'email_password', 'ptmardika@gmail.com', 1, '2024-06-17 05:04:06', 1),
(270, '127.0.0.1', 'Mozilla/5.0 (Windows NT 10.0; Win64; x64) AppleWebKit/537.36 (KHTML, like Gecko) Chrome/125.0.0.0 Safari/537.36', 'email_password', 'ptmardika@gmail.com', 1, '2024-06-17 09:48:44', 1),
(271, '127.0.0.1', 'Mozilla/5.0 (Windows NT 10.0; Win64; x64) AppleWebKit/537.36 (KHTML, like Gecko) Chrome/125.0.0.0 Safari/537.36', 'email_password', 'ptmardika@gmail.com', 1, '2024-06-17 15:22:50', 1),
(272, '127.0.0.1', 'Mozilla/5.0 (Windows NT 10.0; Win64; x64) AppleWebKit/537.36 (KHTML, like Gecko) Chrome/125.0.0.0 Safari/537.36', 'email_password', 'ptmardika@gmail.com', NULL, '2024-06-17 23:01:23', 0),
(273, '127.0.0.1', 'Mozilla/5.0 (Windows NT 10.0; Win64; x64) AppleWebKit/537.36 (KHTML, like Gecko) Chrome/125.0.0.0 Safari/537.36', 'email_password', 'ptmardika@gmail.com', 1, '2024-06-17 23:01:33', 1),
(274, '127.0.0.1', 'Mozilla/5.0 (Windows NT 10.0; Win64; x64) AppleWebKit/537.36 (KHTML, like Gecko) Chrome/125.0.0.0 Safari/537.36', 'email_password', 'ptmardika@gmail.com', 1, '2024-06-18 06:47:58', 1),
(275, '127.0.0.1', 'Mozilla/5.0 (Windows NT 10.0; Win64; x64) AppleWebKit/537.36 (KHTML, like Gecko) Chrome/125.0.0.0 Safari/537.36', 'email_password', 'ptmardika@gmail.com', 1, '2024-06-18 14:48:00', 1),
(276, '127.0.0.1', 'Mozilla/5.0 (Windows NT 10.0; Win64; x64) AppleWebKit/537.36 (KHTML, like Gecko) Chrome/125.0.0.0 Safari/537.36', 'email_password', 'ptmardika@gmail.com', 1, '2024-06-18 19:00:40', 1),
(277, '127.0.0.1', 'Mozilla/5.0 (Windows NT 10.0; Win64; x64) AppleWebKit/537.36 (KHTML, like Gecko) Chrome/126.0.0.0 Safari/537.36', 'email_password', 'ptmardika@gmail.com', 1, '2024-06-18 21:51:07', 1),
(278, '127.0.0.1', 'Mozilla/5.0 (Windows NT 10.0; Win64; x64) AppleWebKit/537.36 (KHTML, like Gecko) Chrome/126.0.0.0 Safari/537.36', 'email_password', 'ptmardika@gmail.com', 1, '2024-06-19 04:53:15', 1),
(279, '127.0.0.1', 'Mozilla/5.0 (Windows NT 10.0; Win64; x64) AppleWebKit/537.36 (KHTML, like Gecko) Chrome/126.0.0.0 Safari/537.36', 'email_password', 'ptmardika@gmail.com', 1, '2024-06-19 21:16:44', 1),
(280, '127.0.0.1', 'Mozilla/5.0 (Windows NT 10.0; Win64; x64) AppleWebKit/537.36 (KHTML, like Gecko) Chrome/126.0.0.0 Safari/537.36', 'email_password', 'ptmardika@gmail.com', 1, '2024-06-20 05:03:53', 1),
(281, '127.0.0.1', 'Mozilla/5.0 (Windows NT 10.0; Win64; x64) AppleWebKit/537.36 (KHTML, like Gecko) Chrome/126.0.0.0 Safari/537.36', 'email_password', 'ptmardika@gmail.com', 1, '2024-06-20 09:29:47', 1),
(282, '127.0.0.1', 'Mozilla/5.0 (Windows NT 10.0; Win64; x64) AppleWebKit/537.36 (KHTML, like Gecko) Chrome/126.0.0.0 Safari/537.36', 'email_password', 'ptmardika@gmail.com', 1, '2024-06-20 18:29:23', 1),
(283, '127.0.0.1', 'Mozilla/5.0 (Windows NT 10.0; Win64; x64) AppleWebKit/537.36 (KHTML, like Gecko) Chrome/126.0.0.0 Safari/537.36', 'email_password', 'ptmardika@gmail.com', 1, '2024-06-21 11:48:57', 1),
(284, '127.0.0.1', 'Mozilla/5.0 (Windows NT 10.0; Win64; x64) AppleWebKit/537.36 (KHTML, like Gecko) Chrome/126.0.0.0 Safari/537.36', 'email_password', 'ptmardika@gmail.com', 1, '2024-06-21 14:41:43', 1),
(285, '127.0.0.1', 'Mozilla/5.0 (Windows NT 10.0; Win64; x64) AppleWebKit/537.36 (KHTML, like Gecko) Chrome/126.0.0.0 Safari/537.36', 'email_password', 'ptmardika@gmail.com', 1, '2024-06-22 13:39:14', 1),
(286, '127.0.0.1', 'Mozilla/5.0 (Windows NT 10.0; Win64; x64) AppleWebKit/537.36 (KHTML, like Gecko) Chrome/126.0.0.0 Safari/537.36', 'email_password', 'ptmardika@gmail.com', 1, '2024-06-23 07:25:27', 1),
(287, '127.0.0.1', 'Mozilla/5.0 (Windows NT 10.0; Win64; x64) AppleWebKit/537.36 (KHTML, like Gecko) Chrome/126.0.0.0 Safari/537.36', 'email_password', 'ptmardika@gmail.com', 1, '2024-06-23 15:16:37', 1),
(288, '127.0.0.1', 'Mozilla/5.0 (Windows NT 10.0; Win64; x64) AppleWebKit/537.36 (KHTML, like Gecko) Chrome/126.0.0.0 Safari/537.36', 'email_password', 'ptmardika@gmail.com', 1, '2024-06-24 05:27:47', 1),
(289, '127.0.0.1', 'Mozilla/5.0 (Windows NT 10.0; Win64; x64) AppleWebKit/537.36 (KHTML, like Gecko) Chrome/126.0.0.0 Safari/537.36', 'email_password', 'ptmardika@gmail.com', 1, '2024-06-24 16:25:05', 1),
(290, '127.0.0.1', 'Mozilla/5.0 (Windows NT 10.0; Win64; x64) AppleWebKit/537.36 (KHTML, like Gecko) Chrome/126.0.0.0 Safari/537.36', 'email_password', 'ptmardika@gmail.com', 1, '2024-06-24 20:49:37', 1),
(291, '127.0.0.1', 'Mozilla/5.0 (Windows NT 10.0; Win64; x64) AppleWebKit/537.36 (KHTML, like Gecko) Chrome/126.0.0.0 Safari/537.36', 'email_password', 'ptmardika@gmail.com', 1, '2024-06-25 06:11:34', 1),
(292, '127.0.0.1', 'Mozilla/5.0 (Windows NT 10.0; Win64; x64) AppleWebKit/537.36 (KHTML, like Gecko) Chrome/126.0.0.0 Safari/537.36', 'email_password', 'ptmardika@gmail.com', 1, '2024-06-25 13:15:08', 1),
(293, '127.0.0.1', 'Mozilla/5.0 (Windows NT 10.0; Win64; x64) AppleWebKit/537.36 (KHTML, like Gecko) Chrome/126.0.0.0 Safari/537.36', 'email_password', 'ptmardika@gmail.com', 1, '2024-06-25 16:55:43', 1),
(294, '127.0.0.1', 'Mozilla/5.0 (Windows NT 10.0; Win64; x64) AppleWebKit/537.36 (KHTML, like Gecko) Chrome/126.0.0.0 Safari/537.36', 'email_password', 'ptmardika@gmail.com', NULL, '2024-06-25 19:16:22', 0),
(295, '127.0.0.1', 'Mozilla/5.0 (Windows NT 10.0; Win64; x64) AppleWebKit/537.36 (KHTML, like Gecko) Chrome/126.0.0.0 Safari/537.36', 'email_password', 'ptmardika@gmail.com', 1, '2024-06-25 19:16:29', 1),
(296, '127.0.0.1', 'Mozilla/5.0 (Windows NT 10.0; Win64; x64) AppleWebKit/537.36 (KHTML, like Gecko) Chrome/126.0.0.0 Safari/537.36', 'email_password', 'ptmardika@gmail.com', 1, '2024-06-25 21:30:56', 1),
(297, '127.0.0.1', 'Mozilla/5.0 (Windows NT 10.0; Win64; x64) AppleWebKit/537.36 (KHTML, like Gecko) Chrome/126.0.0.0 Safari/537.36', 'email_password', 'ptmardika@gmail.com', 1, '2024-06-26 16:26:53', 1),
(298, '127.0.0.1', 'Mozilla/5.0 (Windows NT 10.0; Win64; x64) AppleWebKit/537.36 (KHTML, like Gecko) Chrome/126.0.0.0 Safari/537.36', 'email_password', 'ptmardika@gmail.com', 1, '2024-06-27 07:01:52', 1),
(299, '127.0.0.1', 'Mozilla/5.0 (Windows NT 10.0; Win64; x64) AppleWebKit/537.36 (KHTML, like Gecko) Chrome/126.0.0.0 Safari/537.36', 'email_password', 'ptmardika@gmail.com', 1, '2024-06-27 11:24:38', 1),
(300, '127.0.0.1', 'Mozilla/5.0 (Windows NT 10.0; Win64; x64) AppleWebKit/537.36 (KHTML, like Gecko) Chrome/126.0.0.0 Safari/537.36', 'email_password', 'ptmardika@gmail.com', 1, '2024-06-28 19:38:37', 1),
(301, '127.0.0.1', 'Mozilla/5.0 (Windows NT 10.0; Win64; x64) AppleWebKit/537.36 (KHTML, like Gecko) Chrome/126.0.0.0 Safari/537.36', 'email_password', 'ptmardika@gmail.com', 1, '2024-07-01 18:00:16', 1),
(302, '127.0.0.1', 'Mozilla/5.0 (Windows NT 10.0; Win64; x64) AppleWebKit/537.36 (KHTML, like Gecko) Chrome/126.0.0.0 Safari/537.36', 'email_password', 'ptmardika@gmail.com', 1, '2024-07-02 11:27:02', 1),
(303, '127.0.0.1', 'Mozilla/5.0 (Windows NT 10.0; Win64; x64) AppleWebKit/537.36 (KHTML, like Gecko) Chrome/126.0.0.0 Safari/537.36', 'email_password', 'ptmardika@gmail.com', 1, '2024-07-02 17:57:26', 1),
(304, '127.0.0.1', 'Mozilla/5.0 (Windows NT 10.0; Win64; x64) AppleWebKit/537.36 (KHTML, like Gecko) Chrome/126.0.0.0 Safari/537.36', 'email_password', 'ptmardika@gmail.com', NULL, '2024-07-03 12:04:43', 0),
(305, '127.0.0.1', 'Mozilla/5.0 (Windows NT 10.0; Win64; x64) AppleWebKit/537.36 (KHTML, like Gecko) Chrome/126.0.0.0 Safari/537.36', 'email_password', 'ptmardika@gmail.com', 1, '2024-07-03 12:04:49', 1),
(306, '127.0.0.1', 'Mozilla/5.0 (Windows NT 10.0; Win64; x64) AppleWebKit/537.36 (KHTML, like Gecko) Chrome/126.0.0.0 Safari/537.36', 'email_password', 'ptmardika@gmail.com', 1, '2024-07-03 20:55:38', 1),
(307, '127.0.0.1', 'Mozilla/5.0 (Windows NT 10.0; Win64; x64) AppleWebKit/537.36 (KHTML, like Gecko) Chrome/126.0.0.0 Safari/537.36', 'email_password', 'ptmardika@gmail.com', NULL, '2024-07-04 06:25:58', 0),
(308, '127.0.0.1', 'Mozilla/5.0 (Windows NT 10.0; Win64; x64) AppleWebKit/537.36 (KHTML, like Gecko) Chrome/126.0.0.0 Safari/537.36', 'email_password', 'ptmardika@gmail.com', 1, '2024-07-04 06:26:05', 1),
(309, '127.0.0.1', 'Mozilla/5.0 (Windows NT 10.0; Win64; x64) AppleWebKit/537.36 (KHTML, like Gecko) Chrome/126.0.0.0 Safari/537.36', 'email_password', 'ptmardika@gmail.com', 1, '2024-07-04 13:34:36', 1),
(310, '127.0.0.1', 'Mozilla/5.0 (Windows NT 10.0; Win64; x64) AppleWebKit/537.36 (KHTML, like Gecko) Chrome/126.0.0.0 Safari/537.36', 'email_password', 'ptmardika@gmail.com', 1, '2024-07-04 21:34:53', 1),
(311, '127.0.0.1', 'Mozilla/5.0 (Windows NT 10.0; Win64; x64) AppleWebKit/537.36 (KHTML, like Gecko) Chrome/126.0.0.0 Safari/537.36', 'email_password', 'ptmardika@gmail.com', 1, '2024-07-05 04:35:06', 1),
(312, '127.0.0.1', 'Mozilla/5.0 (Windows NT 10.0; Win64; x64) AppleWebKit/537.36 (KHTML, like Gecko) Chrome/126.0.0.0 Safari/537.36', 'email_password', 'ptmardika@gmail.com', 1, '2024-07-05 11:00:35', 1),
(313, '127.0.0.1', 'Mozilla/5.0 (Windows NT 10.0; Win64; x64) AppleWebKit/537.36 (KHTML, like Gecko) Chrome/126.0.0.0 Safari/537.36', 'email_password', 'ptmardika@gmail.com', 1, '2024-07-05 15:31:19', 1),
(314, '127.0.0.1', 'Mozilla/5.0 (Windows NT 10.0; Win64; x64) AppleWebKit/537.36 (KHTML, like Gecko) Chrome/126.0.0.0 Safari/537.36', 'email_password', 'ptmardika@gmail.com', 1, '2024-07-05 17:37:32', 1),
(315, '127.0.0.1', 'Mozilla/5.0 (Windows NT 10.0; Win64; x64) AppleWebKit/537.36 (KHTML, like Gecko) Chrome/126.0.0.0 Safari/537.36', 'email_password', 'ptmardika@gmail.com', 1, '2024-07-05 20:31:21', 1),
(316, '127.0.0.1', 'Mozilla/5.0 (Windows NT 10.0; Win64; x64) AppleWebKit/537.36 (KHTML, like Gecko) Chrome/126.0.0.0 Safari/537.36', 'email_password', 'ptmardika@gmail.com', 1, '2024-07-06 07:57:38', 1),
(317, '127.0.0.1', 'Mozilla/5.0 (Windows NT 10.0; Win64; x64) AppleWebKit/537.36 (KHTML, like Gecko) Chrome/126.0.0.0 Safari/537.36', 'email_password', 'ptmardika@gmail.com', 1, '2024-07-06 21:36:09', 1),
(318, '127.0.0.1', 'Mozilla/5.0 (Windows NT 10.0; Win64; x64) AppleWebKit/537.36 (KHTML, like Gecko) Chrome/126.0.0.0 Safari/537.36', 'email_password', 'ptmardika@gmail.com', 1, '2024-07-07 08:10:06', 1),
(319, '127.0.0.1', 'Mozilla/5.0 (Windows NT 10.0; Win64; x64) AppleWebKit/537.36 (KHTML, like Gecko) Chrome/126.0.0.0 Safari/537.36', 'email_password', 'ptmardika@gmail.com', NULL, '2024-07-07 18:27:16', 0),
(320, '127.0.0.1', 'Mozilla/5.0 (Windows NT 10.0; Win64; x64) AppleWebKit/537.36 (KHTML, like Gecko) Chrome/126.0.0.0 Safari/537.36', 'email_password', 'ptmardika@gmail.com', 1, '2024-07-07 18:27:23', 1),
(321, '127.0.0.1', 'Mozilla/5.0 (Windows NT 10.0; Win64; x64) AppleWebKit/537.36 (KHTML, like Gecko) Chrome/126.0.0.0 Safari/537.36', 'email_password', 'ptmardika@gmail.com', 1, '2024-07-07 20:39:44', 1),
(322, '127.0.0.1', 'Mozilla/5.0 (Windows NT 10.0; Win64; x64) AppleWebKit/537.36 (KHTML, like Gecko) Chrome/126.0.0.0 Safari/537.36', 'email_password', 'ptmardika@gmail.com', 1, '2024-07-08 04:21:22', 1),
(323, '127.0.0.1', 'Mozilla/5.0 (Windows NT 10.0; Win64; x64) AppleWebKit/537.36 (KHTML, like Gecko) Chrome/126.0.0.0 Safari/537.36', 'email_password', 'ptmardika@gmail.com', 1, '2024-07-08 11:07:59', 1),
(324, '127.0.0.1', 'Mozilla/5.0 (Windows NT 10.0; Win64; x64) AppleWebKit/537.36 (KHTML, like Gecko) Chrome/126.0.0.0 Safari/537.36', 'email_password', 'ptmardika@gmail.com', 1, '2024-07-08 19:42:04', 1),
(325, '127.0.0.1', 'Mozilla/5.0 (Windows NT 10.0; Win64; x64) AppleWebKit/537.36 (KHTML, like Gecko) Chrome/126.0.0.0 Safari/537.36', 'email_password', 'ptmardika@gmail.com', 1, '2024-07-09 05:24:15', 1),
(326, '127.0.0.1', 'Mozilla/5.0 (Windows NT 10.0; Win64; x64) AppleWebKit/537.36 (KHTML, like Gecko) Chrome/126.0.0.0 Safari/537.36', 'email_password', 'ptmardika@gmail.com', 1, '2024-07-09 11:00:25', 1),
(327, '127.0.0.1', 'Mozilla/5.0 (Windows NT 10.0; Win64; x64) AppleWebKit/537.36 (KHTML, like Gecko) Chrome/126.0.0.0 Safari/537.36', 'email_password', 'ptmardika@gmail.com', 1, '2024-07-10 04:48:45', 1),
(328, '127.0.0.1', 'Mozilla/5.0 (Windows NT 10.0; Win64; x64) AppleWebKit/537.36 (KHTML, like Gecko) Chrome/126.0.0.0 Safari/537.36', 'email_password', 'ptmardika@gmail.com', 1, '2024-07-10 04:53:00', 1),
(329, '127.0.0.1', 'Mozilla/5.0 (Windows NT 10.0; Win64; x64) AppleWebKit/537.36 (KHTML, like Gecko) Chrome/126.0.0.0 Safari/537.36', 'email_password', 'ptmardika@gmail.com', 1, '2024-07-10 12:38:55', 1),
(330, '127.0.0.1', 'Mozilla/5.0 (Windows NT 10.0; Win64; x64) AppleWebKit/537.36 (KHTML, like Gecko) Chrome/126.0.0.0 Safari/537.36', 'email_password', 'ptmardika@gmail.com', 1, '2024-07-10 19:33:41', 1),
(331, '127.0.0.1', 'Mozilla/5.0 (Windows NT 10.0; Win64; x64) AppleWebKit/537.36 (KHTML, like Gecko) Chrome/126.0.0.0 Safari/537.36', 'email_password', 'ptmardika@gmail.com', 1, '2024-07-11 09:32:46', 1),
(332, '127.0.0.1', 'Mozilla/5.0 (Windows NT 10.0; Win64; x64) AppleWebKit/537.36 (KHTML, like Gecko) Chrome/126.0.0.0 Safari/537.36', 'email_password', 'ptmardika@gmail.com', 1, '2024-07-11 21:13:26', 1),
(333, '127.0.0.1', 'Mozilla/5.0 (Windows NT 10.0; Win64; x64) AppleWebKit/537.36 (KHTML, like Gecko) Chrome/126.0.0.0 Safari/537.36', 'email_password', 'ptmardika@gmail.com', 1, '2024-07-12 04:02:57', 1),
(334, '127.0.0.1', 'Mozilla/5.0 (Windows NT 10.0; Win64; x64) AppleWebKit/537.36 (KHTML, like Gecko) Chrome/126.0.0.0 Safari/537.36', 'email_password', 'ptmardika@gmail.com', 1, '2024-07-12 08:19:32', 1),
(335, '127.0.0.1', 'Mozilla/5.0 (Windows NT 10.0; Win64; x64) AppleWebKit/537.36 (KHTML, like Gecko) Chrome/126.0.0.0 Safari/537.36', 'email_password', 'ptmardika@gmail.com', 1, '2024-07-12 22:43:10', 1),
(336, '127.0.0.1', 'Mozilla/5.0 (Windows NT 10.0; Win64; x64) AppleWebKit/537.36 (KHTML, like Gecko) Chrome/126.0.0.0 Safari/537.36', 'email_password', 'ptmardika@gmail.com', 1, '2024-07-13 06:00:33', 1),
(337, '127.0.0.1', 'Mozilla/5.0 (Windows NT 10.0; Win64; x64) AppleWebKit/537.36 (KHTML, like Gecko) Chrome/126.0.0.0 Safari/537.36', 'email_password', 'ptmardika@gmail.com', 1, '2024-07-13 13:42:21', 1),
(338, '127.0.0.1', 'Mozilla/5.0 (Windows NT 10.0; Win64; x64) AppleWebKit/537.36 (KHTML, like Gecko) Chrome/126.0.0.0 Safari/537.36', 'email_password', 'ptmardika@gmail.com', 1, '2024-07-13 20:55:10', 1),
(339, '127.0.0.1', 'Mozilla/5.0 (Windows NT 10.0; Win64; x64) AppleWebKit/537.36 (KHTML, like Gecko) Chrome/126.0.0.0 Safari/537.36', 'email_password', 'ptmardika@gmail.com', 1, '2024-07-16 20:46:11', 1),
(340, '127.0.0.1', 'Mozilla/5.0 (Windows NT 10.0; Win64; x64) AppleWebKit/537.36 (KHTML, like Gecko) Chrome/126.0.0.0 Safari/537.36', 'email_password', 'ptmardika@gmail.com', 1, '2024-07-17 06:14:17', 1),
(341, '127.0.0.1', 'Mozilla/5.0 (Windows NT 10.0; Win64; x64) AppleWebKit/537.36 (KHTML, like Gecko) Chrome/126.0.0.0 Safari/537.36', 'email_password', 'ptmardika@gmail.com', 1, '2024-07-17 11:34:59', 1),
(342, '127.0.0.1', 'Mozilla/5.0 (Windows NT 10.0; Win64; x64) AppleWebKit/537.36 (KHTML, like Gecko) Chrome/126.0.0.0 Safari/537.36', 'email_password', 'ptmardika@gmail.com', 1, '2024-07-18 01:54:46', 1),
(343, '127.0.0.1', 'Mozilla/5.0 (Windows NT 10.0; Win64; x64) AppleWebKit/537.36 (KHTML, like Gecko) Chrome/126.0.0.0 Safari/537.36', 'email_password', 'ptmardika@gmail.com', 1, '2024-07-19 12:25:30', 1),
(344, '127.0.0.1', 'Mozilla/5.0 (Windows NT 10.0; Win64; x64) AppleWebKit/537.36 (KHTML, like Gecko) Chrome/126.0.0.0 Safari/537.36', 'email_password', 'ptmardika@gmail.com', 1, '2024-07-19 21:08:30', 1),
(345, '127.0.0.1', 'Mozilla/5.0 (Windows NT 10.0; Win64; x64) AppleWebKit/537.36 (KHTML, like Gecko) Chrome/126.0.0.0 Safari/537.36', 'email_password', 'ptmardika@gmail.com', 1, '2024-07-20 01:26:12', 1),
(346, '127.0.0.1', 'Mozilla/5.0 (Windows NT 10.0; Win64; x64) AppleWebKit/537.36 (KHTML, like Gecko) Chrome/126.0.0.0 Safari/537.36', 'email_password', 'ptmardika@gmail.com', 1, '2024-07-20 16:16:13', 1),
(347, '127.0.0.1', 'Mozilla/5.0 (Windows NT 10.0; Win64; x64) AppleWebKit/537.36 (KHTML, like Gecko) Chrome/126.0.0.0 Safari/537.36', 'email_password', 'ptmardika@gmail.com', 1, '2024-07-21 06:13:45', 1),
(348, '127.0.0.1', 'Mozilla/5.0 (Windows NT 10.0; Win64; x64) AppleWebKit/537.36 (KHTML, like Gecko) Chrome/126.0.0.0 Safari/537.36', 'email_password', 'ptmardika@gmail.com', 1, '2024-07-21 11:10:11', 1),
(349, '127.0.0.1', 'Mozilla/5.0 (Windows NT 10.0; Win64; x64) AppleWebKit/537.36 (KHTML, like Gecko) Chrome/126.0.0.0 Safari/537.36', 'email_password', 'ptmardika@gmail.com', 1, '2024-07-21 19:33:42', 1),
(350, '127.0.0.1', 'Mozilla/5.0 (Windows NT 10.0; Win64; x64) AppleWebKit/537.36 (KHTML, like Gecko) Chrome/126.0.0.0 Safari/537.36', 'email_password', 'ptmardika@gmail.com', 1, '2024-07-22 04:25:01', 1),
(351, '127.0.0.1', 'Mozilla/5.0 (Windows NT 10.0; Win64; x64) AppleWebKit/537.36 (KHTML, like Gecko) Chrome/126.0.0.0 Safari/537.36', 'email_password', 'ptmardika@gmail.com', 1, '2024-07-22 17:20:59', 1),
(352, '127.0.0.1', 'Mozilla/5.0 (Windows NT 10.0; Win64; x64) AppleWebKit/537.36 (KHTML, like Gecko) Chrome/126.0.0.0 Safari/537.36', 'email_password', 'ptmardika@gmail.com', 1, '2024-07-24 09:47:59', 1),
(353, '127.0.0.1', 'Mozilla/5.0 (Windows NT 10.0; Win64; x64) AppleWebKit/537.36 (KHTML, like Gecko) Chrome/126.0.0.0 Safari/537.36', 'email_password', 'ptmardika@gmail.com', 1, '2024-07-24 12:15:37', 1),
(354, '127.0.0.1', 'Mozilla/5.0 (Windows NT 10.0; Win64; x64) AppleWebKit/537.36 (KHTML, like Gecko) Chrome/126.0.0.0 Safari/537.36', 'email_password', 'ptmardika@gmail.com', 1, '2024-07-25 11:10:37', 1),
(355, '127.0.0.1', 'Mozilla/5.0 (Windows NT 10.0; Win64; x64) AppleWebKit/537.36 (KHTML, like Gecko) Chrome/126.0.0.0 Safari/537.36', 'email_password', 'ptmardika@gmail.com', 1, '2024-07-25 17:33:53', 1),
(356, '127.0.0.1', 'Mozilla/5.0 (Windows NT 10.0; Win64; x64) AppleWebKit/537.36 (KHTML, like Gecko) Chrome/126.0.0.0 Safari/537.36', 'email_password', 'ptmardika@gmail.com', 1, '2024-07-25 20:57:50', 1),
(357, '127.0.0.1', 'Mozilla/5.0 (Windows NT 10.0; Win64; x64) AppleWebKit/537.36 (KHTML, like Gecko) Chrome/127.0.0.0 Safari/537.36', 'email_password', 'ptmardika@gmail.com', 1, '2024-07-26 12:26:25', 1),
(358, '127.0.0.1', 'Mozilla/5.0 (Windows NT 10.0; Win64; x64) AppleWebKit/537.36 (KHTML, like Gecko) Chrome/127.0.0.0 Safari/537.36', 'email_password', 'ptmardika@gmail.com', 1, '2024-07-26 16:12:32', 1),
(359, '127.0.0.1', 'Mozilla/5.0 (Windows NT 10.0; Win64; x64) AppleWebKit/537.36 (KHTML, like Gecko) Chrome/127.0.0.0 Safari/537.36', 'email_password', 'ptmardika@gmail.com', 1, '2024-07-27 05:19:20', 1),
(360, '127.0.0.1', 'Mozilla/5.0 (Windows NT 10.0; Win64; x64) AppleWebKit/537.36 (KHTML, like Gecko) Chrome/127.0.0.0 Safari/537.36', 'email_password', 'ptmardika@gmail.com', 1, '2024-07-27 09:38:43', 1),
(361, '127.0.0.1', 'Mozilla/5.0 (Windows NT 10.0; Win64; x64) AppleWebKit/537.36 (KHTML, like Gecko) Chrome/127.0.0.0 Safari/537.36', 'email_password', 'ptmardika@gmail.com', 1, '2024-07-27 17:44:58', 1),
(362, '127.0.0.1', 'Mozilla/5.0 (Windows NT 10.0; Win64; x64) AppleWebKit/537.36 (KHTML, like Gecko) Chrome/127.0.0.0 Safari/537.36', 'email_password', 'ptmardika@gmail.com', 1, '2024-07-27 21:08:19', 1),
(363, '127.0.0.1', 'Mozilla/5.0 (Windows NT 10.0; Win64; x64) AppleWebKit/537.36 (KHTML, like Gecko) Chrome/127.0.0.0 Safari/537.36', 'email_password', 'ptmardika@gmail.com', 1, '2024-07-28 08:57:58', 1),
(364, '127.0.0.1', 'Mozilla/5.0 (Windows NT 10.0; Win64; x64) AppleWebKit/537.36 (KHTML, like Gecko) Chrome/127.0.0.0 Safari/537.36', 'email_password', 'ptmardika@gmail.com', 1, '2024-07-28 12:30:13', 1),
(365, '127.0.0.1', 'Mozilla/5.0 (Windows NT 10.0; Win64; x64) AppleWebKit/537.36 (KHTML, like Gecko) Chrome/127.0.0.0 Safari/537.36', 'email_password', 'ptmardika@gmail.com', 1, '2024-07-30 11:51:06', 1),
(366, '127.0.0.1', 'Mozilla/5.0 (Windows NT 10.0; Win64; x64) AppleWebKit/537.36 (KHTML, like Gecko) Chrome/127.0.0.0 Safari/537.36', 'email_password', 'ptmardika@gmail.com', NULL, '2024-07-30 21:27:29', 0),
(367, '127.0.0.1', 'Mozilla/5.0 (Windows NT 10.0; Win64; x64) AppleWebKit/537.36 (KHTML, like Gecko) Chrome/127.0.0.0 Safari/537.36', 'email_password', 'ptmardika@gmail.com', NULL, '2024-07-30 21:28:36', 0),
(368, '127.0.0.1', 'Mozilla/5.0 (Windows NT 10.0; Win64; x64) AppleWebKit/537.36 (KHTML, like Gecko) Chrome/127.0.0.0 Safari/537.36', 'email_password', 'ptmardika@gmail.com', 1, '2024-07-30 21:55:07', 1),
(369, '127.0.0.1', 'Mozilla/5.0 (Windows NT 10.0; Win64; x64) AppleWebKit/537.36 (KHTML, like Gecko) Chrome/127.0.0.0 Safari/537.36', 'email_password', 'ptmardika@gmail.com', 1, '2024-07-31 04:22:54', 1),
(370, '127.0.0.1', 'Mozilla/5.0 (Windows NT 10.0; Win64; x64) AppleWebKit/537.36 (KHTML, like Gecko) Chrome/127.0.0.0 Safari/537.36', 'email_password', 'ptmardika@gmail.com', 1, '2024-07-31 19:38:27', 1),
(371, '127.0.0.1', 'Mozilla/5.0 (Windows NT 10.0; Win64; x64) AppleWebKit/537.36 (KHTML, like Gecko) Chrome/127.0.0.0 Safari/537.36', 'email_password', 'ptmardika@gmail.com', 1, '2024-08-01 10:54:16', 1),
(372, '127.0.0.1', 'Mozilla/5.0 (Windows NT 10.0; Win64; x64) AppleWebKit/537.36 (KHTML, like Gecko) Chrome/127.0.0.0 Safari/537.36', 'email_password', 'ptmardika@gmail.com', 1, '2024-08-01 13:32:45', 1),
(373, '127.0.0.1', 'Mozilla/5.0 (Windows NT 10.0; Win64; x64) AppleWebKit/537.36 (KHTML, like Gecko) Chrome/127.0.0.0 Safari/537.36', 'email_password', 'ptmardika@gmail.com', 1, '2024-08-02 12:18:54', 1),
(374, '127.0.0.1', 'Mozilla/5.0 (Windows NT 10.0; Win64; x64) AppleWebKit/537.36 (KHTML, like Gecko) Chrome/127.0.0.0 Safari/537.36', 'email_password', 'ptmardika@gmail.com', 1, '2024-08-02 15:22:20', 1),
(375, '127.0.0.1', 'Mozilla/5.0 (Windows NT 10.0; Win64; x64) AppleWebKit/537.36 (KHTML, like Gecko) Chrome/127.0.0.0 Safari/537.36 Edg/127.0.0.0', 'email_password', 'ptmardika@gmail.com', NULL, '2024-08-02 16:43:39', 0),
(376, '127.0.0.1', 'Mozilla/5.0 (Windows NT 10.0; Win64; x64) AppleWebKit/537.36 (KHTML, like Gecko) Chrome/127.0.0.0 Safari/537.36 Edg/127.0.0.0', 'email_password', 'ptmardika@gmail.com', 1, '2024-08-02 16:43:44', 1),
(377, '127.0.0.1', 'Mozilla/5.0 (Windows NT 10.0; Win64; x64) AppleWebKit/537.36 (KHTML, like Gecko) Chrome/127.0.0.0 Safari/537.36', 'email_password', 'ptmardika@gmail.com', 1, '2024-08-02 20:04:37', 1),
(378, '127.0.0.1', 'Mozilla/5.0 (Windows NT 10.0; Win64; x64) AppleWebKit/537.36 (KHTML, like Gecko) Chrome/127.0.0.0 Safari/537.36', 'email_password', 'ptmardika@gmail.com', 1, '2024-08-02 22:28:47', 1),
(379, '127.0.0.1', 'Mozilla/5.0 (Windows NT 10.0; Win64; x64) AppleWebKit/537.36 (KHTML, like Gecko) Chrome/127.0.0.0 Safari/537.36', 'email_password', 'ptmardika@gmail.com', 1, '2024-08-03 05:58:18', 1),
(380, '127.0.0.1', 'Mozilla/5.0 (Windows NT 10.0; Win64; x64) AppleWebKit/537.36 (KHTML, like Gecko) Chrome/127.0.0.0 Safari/537.36', 'email_password', 'ptmardika@gmail.com', 1, '2024-08-03 09:19:40', 1),
(381, '127.0.0.1', 'Mozilla/5.0 (Windows NT 10.0; Win64; x64) AppleWebKit/537.36 (KHTML, like Gecko) Chrome/127.0.0.0 Safari/537.36', 'email_password', 'ptmardika@gmail.com', 1, '2024-08-03 11:35:02', 1),
(382, '127.0.0.1', 'Mozilla/5.0 (Windows NT 10.0; Win64; x64) AppleWebKit/537.36 (KHTML, like Gecko) Chrome/127.0.0.0 Safari/537.36', 'email_password', 'ptmardika@gmail.com', 1, '2024-08-03 21:15:49', 1),
(383, '127.0.0.1', 'Mozilla/5.0 (Windows NT 10.0; Win64; x64) AppleWebKit/537.36 (KHTML, like Gecko) Chrome/127.0.0.0 Safari/537.36', 'email_password', 'ptmardika@gmail.com', 1, '2024-08-03 23:39:06', 1),
(384, '127.0.0.1', 'Mozilla/5.0 (Windows NT 10.0; Win64; x64) AppleWebKit/537.36 (KHTML, like Gecko) Chrome/127.0.0.0 Safari/537.36', 'email_password', 'ptmardika@gmail.com', 1, '2024-08-04 08:00:36', 1),
(385, '127.0.0.1', 'Mozilla/5.0 (Windows NT 10.0; Win64; x64) AppleWebKit/537.36 (KHTML, like Gecko) Chrome/127.0.0.0 Safari/537.36', 'email_password', 'ptmardika@gmail.com', 1, '2024-08-04 17:47:36', 1);

--
-- Dumping data for table `grup_mapel`
--

INSERT INTO `grup_mapel` (`grup_id`, `curr_id`, `nm_grup`, `parent_grup`) VALUES
(3, 'IKMB23004235', 'Mata Pelajaran Wajib', '0'),
(4, 'IKMB23004235', 'Mata Pelajaran Pillihan', '0'),
(5, 'IKMC23005232', 'Mata Pelajaran Wajib', '0');

--
-- Dumping data for table `menu`
--

INSERT INTO `menu` (`id_menu`, `nama_menu`, `class`, `url`, `id_module`, `id_parent`, `aktif`, `new`, `urut`) VALUES
(1, 'Manage Aplikasi', 'fas fa-puzzle-piece', '#', NULL, NULL, 1, 0, 1),
(2, 'Modul', 'fas fa-layer-group', 'module', 2, 1, 1, 0, 1),
(3, 'Menu', 'fas fa-sitemap', 'menu', 1, 1, 1, 0, 2),
(4, 'User Role', 'fas fa-user-tag', 'role', 4, 1, 1, 0, 3),
(5, 'Asign Role', 'fas fa-unlock', '#', NULL, NULL, 1, 0, 2),
(6, 'Role Menu', 'fas fa-check-double', 'menu-role', 7, 5, 1, 0, 1),
(7, 'Modul Role', 'fas fa-grip-vertical', 'module-role', 3, 5, 1, 0, 2),
(8, 'Manage Program', 'fab fa-alipay', '#', NULL, NULL, 1, 0, 3),
(9, 'Program', 'fas fa-graduation-cap', 'program', 15, 8, 1, 0, 1),
(10, 'Program Studi', 'fas fa-dice-d6', 'prodi', 20, 8, 1, 0, 2),
(11, 'Kurikulum', 'fab fa-kickstarter', 'kurikulum', 22, 8, 1, 0, 3),
(12, 'Manage Pembelajaran', 'fas fa-book-reader', '#', NULL, NULL, 1, 0, 5),
(13, 'Personalia/PTK', 'fas fa-user-tie', 'tendik', 18, 12, 1, 0, 1),
(14, 'Tahun Pelajaran', 'fas fa-calendar-alt', 'tp', 16, 12, 1, 0, 2),
(15, 'Rombel', 'fas fa-users', 'rombel', 19, 12, 1, 0, 3),
(16, 'Manage Peserta Didik', 'fas fa-users-cog', '#', NULL, NULL, 1, 0, 4),
(17, 'Registrasi', 'fas fa-user-plus', 'enroll', 21, 16, 1, 0, 1),
(18, 'Peserta Didik', 'fas fa-user-friends', 'siswa', 17, 16, 1, 0, 4),
(19, 'Calon Peserta', 'fas fa-user-clock', 'enrollment', 29, 16, 1, 0, 2),
(20, 'Dapo Peserta Didik', 'fas fa-user-lock', 'datadik', 31, 16, 1, 0, 3),
(21, 'Pembagian Tugas', 'fab fa-hornbill', 'ptm', 33, 12, 1, 0, 4),
(22, 'Assessment', 'fas fa-tasks', '#', NULL, NULL, 1, 0, 6),
(23, 'Input Nilai Rapor', 'fas fa-award', 'nilai', 34, 22, 1, 0, 1),
(24, 'Data Projek', 'far fa-circle', 'project', 40, 8, 1, 0, 4),
(25, 'Raport', 'fas fa-book', 'rapor', 43, 22, 1, 0, 2);

--
-- Dumping data for table `menu_role`
--

INSERT INTO `menu_role` (`id`, `id_menu`, `id_role`) VALUES
(1, 1, 1),
(2, 1, 2),
(3, 2, 1),
(4, 2, 2),
(5, 1, 3),
(6, 3, 1),
(7, 3, 2),
(8, 3, 3),
(9, 5, 1),
(10, 5, 2),
(11, 5, 3),
(12, 6, 1),
(13, 6, 2),
(14, 6, 3),
(15, 7, 1),
(16, 7, 2),
(17, 7, 3),
(18, 8, 1),
(19, 8, 2),
(20, 9, 1),
(21, 9, 2),
(22, 8, 3),
(23, 8, 4),
(24, 9, 3),
(26, 10, 1),
(27, 10, 2),
(28, 10, 3),
(29, 11, 1),
(30, 11, 2),
(31, 11, 3),
(32, 12, 1),
(33, 12, 2),
(34, 12, 3),
(35, 12, 4),
(36, 13, 1),
(37, 13, 2),
(38, 13, 3),
(39, 13, 4),
(40, 14, 1),
(41, 14, 2),
(42, 14, 3),
(43, 14, 4),
(44, 15, 1),
(45, 15, 2),
(46, 15, 3),
(47, 15, 4),
(48, 16, 1),
(49, 16, 2),
(50, 16, 3),
(51, 16, 4),
(52, 17, 1),
(53, 17, 2),
(54, 17, 3),
(55, 17, 4),
(56, 18, 1),
(57, 18, 2),
(58, 18, 3),
(60, 19, 1),
(61, 19, 2),
(62, 19, 3),
(63, 19, 4),
(64, 20, 1),
(65, 20, 2),
(66, 20, 3),
(67, 21, 1),
(68, 21, 2),
(69, 21, 3),
(70, 21, 4),
(71, 22, 1),
(72, 22, 2),
(73, 22, 3),
(74, 22, 4),
(75, 23, 1),
(76, 23, 2),
(77, 23, 3),
(78, 23, 4),
(79, 24, 1),
(80, 24, 2),
(81, 24, 4),
(82, 25, 1),
(83, 25, 2),
(84, 25, 3),
(85, 25, 4);

--
-- Dumping data for table `module`
--

INSERT INTO `module` (`id_module`, `nama_module`, `judul_module`, `id_module_status`, `login`, `deskripsi`) VALUES
(1, 'menu', 'Menu Manager', 1, 'Y', 'Administrasi Menu'),
(2, 'module', 'Module Manager', 1, 'Y', 'Administrasi Module'),
(3, 'module-role', 'Assign Role ke Module', 1, 'Y', 'Pengaturan Role ke Module'),
(4, 'role', 'Role Manager', 1, 'Y', 'Pengaturan Role'),
(5, 'user', 'User Manager', 1, 'Y', 'Pengaturan User'),
(6, 'user-role', 'Assign Role ke User', 1, 'Y', 'Pengaturan Role ke User'),
(7, 'menu-role', 'Assign Role ke Menu', 1, 'Y', 'Pengaturan Role ke menu'),
(8, 'logincontroller', 'Login', 1, 'N', 'Login'),
(9, 'setting', 'Setting', 1, 'R', 'Pengaturan Aplikasi'),
(10, 'setting-web', 'Setting Web', 1, 'Y', 'Pengaturan Web, seperti logo dll'),
(11, 'home', 'Home', 1, 'Y', 'Home'),
(12, 'lragrup', 'Grup Perkiraan LRA', 1, 'Y', 'Grup Perkiraan LRA'),
(13, 'lradet', 'Data Perkiraan LRA', 1, 'Y', 'Manajemen Perkiraan LRA'),
(14, 'accsys', 'Sistem Account', 1, 'Y', 'Manajemen Sistem Account'),
(15, 'program', 'Program', 1, 'Y', 'Manajemen Jurusan'),
(16, 'tp', 'Tahun Pelajaran', 1, 'Y', 'Manajemen Jurusan'),
(17, 'siswa', 'Peserta Didik', 1, 'Y', 'Manajemen Peserta Didik'),
(18, 'tendik', 'Tenaga Pendidik dan Kependidikan', 1, 'Y', 'Manajemen Tendik'),
(19, 'rombel', 'Rombongan Belajar', 1, 'Y', 'Manajemen ROMBEL'),
(20, 'prodi', 'Program Studi', 1, 'Y', 'Manajemen Program Studi'),
(21, 'registercontroller', 'Registrasi Pengguna', 1, 'N', 'Registrasi Pengguna'),
(22, 'kurikulum', 'Kurikulum', 1, 'Y', 'Registrasi Peserta'),
(23, 'skl', 'SKL', 1, 'Y', 'Standar Kompetensi Lulusan'),
(24, 'Subject', 'Subject', 1, 'Y', 'Mata Pelajaran'),
(25, 'gmapel', 'Grup Mapel', 1, 'Y', 'Standar Kompetensi Lulusan'),
(26, 'mapel', 'Distribusi Mata Pelajaraan', 1, 'Y', 'Standar Kompetensi Lulusan'),
(27, 'rating', 'Komponen Penilaian', 1, 'Y', 'Komponen Penilaian Pembelajaran'),
(28, 'raports', 'Komponen Raport', 1, 'Y', 'Komponen Rapot'),
(29, 'enrollment', 'Calon Peserta Didik', 1, 'Y', 'Data Calon Peserta Didik'),
(30, 'enroll', 'Registrasi Calon Peserta Didik', 1, 'Y', 'Calon Peserta Didik'),
(31, 'datadik', 'Master Data Peserta Didik', 1, 'Y', 'Manajemen Data Pokok Peserta Didik'),
(32, 'roommember ', 'Rombongan Belajar', 1, 'Y', 'Detail Anggota Rombel'),
(33, 'ptm', 'Tugas Mengajar', 1, 'Y', 'Pembagian Tugas Mengajar'),
(34, 'lognilai', 'Nilai', 1, 'Y', 'Manajemen Nilai'),
(35, 'atp', 'Tujuan Pembelajaran', 1, 'Y', 'Alur Tujuan / Capaian Pembelajaran'),
(36, 'dproject', 'Dimensi Projek', 1, 'Y', 'Dimensi Projek'),
(38, 'elemenproject', 'Elemen ProjeK', 1, 'Y', 'Manajemen Elemen Projek'),
(39, 'subelemen', 'Sub Elemen Project', 1, 'Y', 'Manajemen Sub Elemen Project'),
(40, 'Project', 'Data Project', 1, 'Y', 'Manajemen Data Project'),
(41, 'mapproject', 'Maping Penilaian', 1, 'Y', 'Maping Penilaian Projek'),
(42, 'skenproject', 'Skenario Projek', 1, 'Y', 'Skenario Projek'),
(43, 'Raport', 'Raport', 1, 'Y', 'Manajemen Rapor'),
(44, 'NilaiCompl', 'Nilai Komplemen', 1, 'Y', 'Penilaian Tambahan'),
(45, 'propela', 'Profil Pelajar Pancasila', 1, 'Y', 'Manajemen Profil Pelajar Pancasila');

--
-- Dumping data for table `module_role`
--

INSERT INTO `module_role` (`id`, `id_module`, `id_role`, `read_data`, `create_data`, `update_data`, `delete_data`) VALUES
(1, 11, 1, 'all', 'yes', 'all', 'all'),
(2, 11, 2, 'all', 'yes', 'all', 'all'),
(3, 11, 3, 'all', 'yes', 'all', 'all'),
(4, 11, 4, 'all', 'yes', 'all', 'all'),
(6, 2, 1, 'all', 'yes', 'all', 'all'),
(7, 3, 1, 'all', 'yes', 'all', 'all'),
(8, 4, 1, 'all', 'yes', 'all', 'all'),
(9, 5, 1, 'all', 'yes', 'all', 'all'),
(10, 5, 2, 'own', 'no', 'own', 'no'),
(11, 6, 1, 'all', 'yes', 'all', 'all'),
(12, 7, 1, 'all', 'yes', 'all', 'all'),
(13, 9, 1, 'all', 'yes', 'all', 'all'),
(14, 10, 1, 'all', 'yes', 'all', 'all'),
(15, 10, 2, 'all', 'yes', 'all', 'all'),
(16, 10, 3, 'all', 'yes', 'all', 'all'),
(17, 12, 1, 'all', 'yes', 'all', 'all'),
(18, 12, 2, 'all', 'yes', 'all', 'all'),
(19, 13, 1, 'all', 'yes', 'all', 'all'),
(20, 13, 2, 'all', 'yes', 'all', 'all'),
(21, 14, 1, 'all', 'yes', 'all', 'all'),
(22, 15, 1, 'all', 'yes', 'all', 'all'),
(23, 15, 2, 'all', 'yes', 'all', 'all'),
(24, 16, 1, 'all', 'yes', 'all', 'all'),
(25, 16, 2, 'all', 'yes', 'all', 'all'),
(30, 16, 3, 'all', 'yes', 'all', 'all'),
(31, 16, 4, 'all', 'yes', 'all', 'all'),
(36, 17, 1, 'all', 'yes', 'all', 'all'),
(37, 17, 2, 'all', 'yes', 'all', 'all'),
(38, 17, 3, 'all', 'yes', 'all', 'all'),
(39, 17, 4, 'all', 'yes', 'all', 'all'),
(40, 18, 1, 'all', 'yes', 'all', 'all'),
(41, 18, 2, 'all', 'yes', 'all', 'all'),
(42, 18, 3, 'all', 'yes', 'all', 'all'),
(46, 19, 1, 'all', 'yes', 'all', 'all'),
(47, 19, 2, 'all', 'yes', 'all', 'all'),
(48, 19, 3, 'all', 'yes', 'all', 'all'),
(49, 19, 4, 'all', 'yes', 'all', 'all'),
(50, 20, 1, 'all', 'yes', 'all', 'all'),
(51, 20, 2, 'all', 'yes', 'all', 'all'),
(52, 21, 1, 'all', 'yes', 'all', 'all'),
(53, 21, 2, 'all', 'yes', 'all', 'all'),
(54, 22, 1, 'all', 'yes', 'all', 'all'),
(55, 22, 2, 'all', 'yes', 'all', 'all'),
(56, 23, 1, 'all', 'yes', 'all', 'all'),
(57, 23, 2, 'all', 'yes', 'all', 'all'),
(58, 24, 1, 'all', 'yes', 'all', 'all'),
(59, 24, 2, 'all', 'yes', 'all', 'all'),
(60, 24, 3, 'all', 'yes', 'all', 'all'),
(61, 25, 1, 'all', 'yes', 'all', 'all'),
(62, 25, 2, 'all', 'yes', 'all', 'all'),
(63, 25, 3, 'all', 'yes', 'all', 'all'),
(64, 26, 1, 'all', 'yes', 'all', 'all'),
(65, 26, 2, 'all', 'yes', 'all', 'all'),
(66, 26, 3, 'all', 'yes', 'all', 'all'),
(67, 27, 1, 'all', 'yes', 'all', 'all'),
(68, 27, 2, 'all', 'yes', 'all', 'all'),
(69, 28, 1, 'all', 'yes', 'all', 'all'),
(70, 28, 2, 'all', 'yes', 'all', 'all'),
(71, 1, 1, 'all', 'yes', 'all', 'all'),
(72, 1, 2, 'all', 'yes', 'all', 'all'),
(73, 8, 1, 'all', 'yes', 'all', 'all'),
(74, 8, 2, 'all', 'yes', 'all', 'all'),
(75, 8, 3, 'all', 'yes', 'all', 'all'),
(76, 8, 4, 'all', 'no', 'no', 'no'),
(85, 30, 1, 'all', 'yes', 'all', 'all'),
(86, 30, 2, 'all', 'yes', 'all', 'all'),
(87, 30, 3, 'all', 'yes', 'all', 'all'),
(88, 30, 4, 'own', 'yes', 'own', 'own'),
(89, 29, 1, 'all', 'yes', 'all', 'all'),
(90, 29, 2, 'all', 'yes', 'all', 'all'),
(91, 29, 3, 'all', 'yes', 'all', 'all'),
(92, 31, 1, 'all', 'yes', 'all', 'all'),
(93, 31, 2, 'all', 'yes', 'all', 'all'),
(94, 31, 3, 'all', 'yes', 'all', 'all'),
(95, 32, 1, 'all', 'yes', 'all', 'all'),
(96, 32, 2, 'all', 'yes', 'all', 'all'),
(97, 32, 3, 'all', 'yes', 'all', 'all'),
(98, 32, 4, 'all', 'yes', 'all', 'all'),
(99, 33, 1, 'all', 'yes', 'all', 'all'),
(100, 33, 2, 'all', 'yes', 'all', 'all'),
(101, 33, 3, 'all', 'yes', 'all', 'all'),
(102, 33, 4, 'all', 'yes', 'all', 'all'),
(107, 34, 1, 'all', 'yes', 'all', 'all'),
(108, 34, 2, 'all', 'yes', 'all', 'all'),
(109, 34, 3, 'all', 'yes', 'all', 'all'),
(110, 34, 4, 'all', 'yes', 'all', 'all'),
(111, 35, 1, 'all', 'yes', 'all', 'all'),
(112, 35, 2, 'all', 'yes', 'all', 'all'),
(113, 35, 3, 'all', 'yes', 'all', 'all'),
(114, 35, 4, 'all', 'yes', 'all', 'all'),
(115, 36, 1, 'all', 'yes', 'all', 'all'),
(116, 36, 2, 'all', 'yes', 'all', 'all'),
(117, 38, 1, 'all', 'yes', 'all', 'all'),
(118, 38, 2, 'all', 'yes', 'all', 'all'),
(119, 39, 1, 'all', 'yes', 'all', 'all'),
(120, 39, 2, 'all', 'yes', 'all', 'all'),
(121, 40, 1, 'all', 'yes', 'all', 'all'),
(122, 40, 2, 'all', 'yes', 'all', 'all'),
(123, 40, 4, 'all', 'yes', 'all', 'all'),
(127, 41, 1, 'all', 'yes', 'all', 'all'),
(128, 41, 2, 'all', 'yes', 'all', 'all'),
(129, 41, 4, 'all', 'yes', 'all', 'all'),
(130, 42, 1, 'all', 'yes', 'all', 'all'),
(131, 42, 2, 'all', 'yes', 'all', 'all'),
(132, 42, 4, 'all', 'yes', 'all', 'all'),
(135, 43, 1, 'all', 'yes', 'all', 'all'),
(136, 43, 2, 'all', 'yes', 'all', 'all'),
(137, 43, 4, 'all', 'yes', 'all', 'all'),
(138, 44, 1, 'all', 'yes', 'all', 'all'),
(139, 44, 2, 'all', 'yes', 'all', 'all'),
(140, 44, 4, 'all', 'yes', 'all', 'all'),
(141, 45, 1, 'all', 'yes', 'all', 'all'),
(142, 45, 2, 'all', 'yes', 'all', 'all'),
(143, 45, 4, 'all', 'yes', 'all', 'all');

--
-- Dumping data for table `module_status`
--

INSERT INTO `module_status` (`id_module_status`, `nama_status`, `keterangan`) VALUES
(1, 'Aktif', ''),
(2, 'Dalam Perbaikan', 'Hanya role developer yang dapat mengakses module dengan status ini'),
(3, 'Non Aktif', '');

--
-- Dumping data for table `role`
--

INSERT INTO `role` (`id_role`, `nama_role`, `judul_role`, `keterangan`, `id_module`) VALUES
(1, 'superadmin', 'Super Admin', 'Full Control System', 5),
(2, 'Admin', 'Admin System', 'Administrator System', 5),
(3, 'developer', 'Developer', 'Pengembang Aplikasi', 5),
(4, 'user', 'User', 'Pengguna Umum', 5);

--
-- Dumping data for table `role_detail`
--

INSERT INTO `role_detail` (`id_role_detail`, `nama_role_detail`, `judul_role_detail`) VALUES
(1, 'all', 'Boleh Akses Semua Data'),
(2, 'no', 'Tidak Boleh Akses Semua Data'),
(3, 'own', 'Hanya Data Miliknya Sendiri');

--
-- Dumping data for table `users`
--

INSERT INTO `users` (`id`, `username`, `status`, `status_message`, `active`, `last_active`, `created_at`, `updated_at`, `deleted_at`) VALUES
(1, 'mardika', NULL, NULL, 1, '2024-08-04 09:47:37', '2023-07-08 11:27:57', '2023-07-08 11:27:57', NULL);
COMMIT;

/*!40101 SET CHARACTER_SET_CLIENT=@OLD_CHARACTER_SET_CLIENT */;
/*!40101 SET CHARACTER_SET_RESULTS=@OLD_CHARACTER_SET_RESULTS */;
/*!40101 SET COLLATION_CONNECTION=@OLD_COLLATION_CONNECTION */;
